browser_log,flow_id,anomaly_score
C:\Users\katie\Downloads\ai01-3rd-3team-1\logs\real_human\20260210_perf001_flow_20260210_0e4z5x_success.json,flow_20260210_0e4z5x,0.10447600
C:\Users\katie\Downloads\ai01-3rd-3team-1\logs\real_human\20260210_perf001_flow_20260210_0o2rqx_success.json,flow_20260210_0o2rqx,0.18125887
C:\Users\katie\Downloads\ai01-3rd-3team-1\logs\real_human\20260210_perf001_flow_20260210_1sgneo_success.json,flow_20260210_1sgneo,0.08151244
C:\Users\katie\Downloads\ai01-3rd-3team-1\logs\real_human\20260210_perf001_flow_20260210_2x0v76_success.json,flow_20260210_2x0v76,0.05239105
C:\Users\katie\Downloads\ai01-3rd-3team-1\logs\real_human\20260210_perf001_flow_20260210_34wn0x_success.json,flow_20260210_34wn0x,0.15957589
C:\Users\katie\Downloads\ai01-3rd-3team-1\logs\real_human\20260210_perf001_flow_20260210_4j5b7p_success.json,flow_20260210_4j5b7p,0.06505810
C:\Users\katie\Downloads\ai01-3rd-3team-1\logs\real_human\20260210_perf001_flow_20260210_4pohkr_success.json,flow_20260210_4pohkr,0.08989163
C:\Users\katie\Downloads\ai01-3rd-3team-1\logs\real_human\20260210_perf001_flow_20260210_57dyjr_success.json,flow_20260210_57dyjr,0.05193688
C:\Users\katie\Downloads\ai01-3rd-3team-1\logs\real_human\20260210_perf001_flow_20260210_6nfa1v_success.json,flow_20260210_6nfa1v,0.08684307
C:\Users\katie\Downloads\ai01-3rd-3team-1\logs\real_human\20260210_perf001_flow_20260210_6z82zx_success.json,flow_20260210_6z82zx,0.11960546
C:\Users\katie\Downloads\ai01-3rd-3team-1\logs\real_human\20260210_perf001_flow_20260210_80fmwb_success.json,flow_20260210_80fmwb,0.13679649
C:\Users\katie\Downloads\ai01-3rd-3team-1\logs\real_human\20260210_perf001_flow_20260210_8woo31_success.json,flow_20260210_8woo31,0.07299502
C:\Users\katie\Downloads\ai01-3rd-3team-1\logs\real_human\20260210_perf001_flow_20260210_akjqt8_success.json,flow_20260210_akjqt8,0.07031862
C:\Users\katie\Downloads\ai01-3rd-3team-1\logs\real_human\20260210_perf001_flow_20260210_bquord_success.json,flow_20260210_bquord,0.06600850
C:\Users\katie\Downloads\ai01-3rd-3team-1\logs\real_human\20260210_perf001_flow_20260210_bsgvpj_success.json,flow_20260210_bsgvpj,0.03283606
C:\Users\katie\Downloads\ai01-3rd-3team-1\logs\real_human\20260210_perf001_flow_20260210_cl6l4q_success.json,flow_20260210_cl6l4q,0.05449476
C:\Users\katie\Downloads\ai01-3rd-3team-1\logs\real_human\20260210_perf001_flow_20260210_cnib57_success.json,flow_20260210_cnib57,0.07307653
C:\Users\katie\Downloads\ai01-3rd-3team-1\logs\real_human\20260210_perf001_flow_20260210_crx007_success.json,flow_20260210_crx007,0.08334671
C:\Users\katie\Downloads\ai01-3rd-3team-1\logs\real_human\20260210_perf001_flow_20260210_d9yezp_success.json,flow_20260210_d9yezp,0.12603554
C:\Users\katie\Downloads\ai01-3rd-3team-1\logs\real_human\20260210_perf001_flow_20260210_dh7gwk_success.json,flow_20260210_dh7gwk,0.02811321
C:\Users\katie\Downloads\ai01-3rd-3team-1\logs\real_human\20260210_perf001_flow_20260210_gzupxk_success.json,flow_20260210_gzupxk,0.08412531
C:\Users\katie\Downloads\ai01-3rd-3team-1\logs\real_human\20260210_perf001_flow_20260210_h6vor9_success.json,flow_20260210_h6vor9,0.03305618
C:\Users\katie\Downloads\ai01-3rd-3team-1\logs\real_human\20260210_perf001_flow_20260210_hjavp9_success.json,flow_20260210_hjavp9,0.16229692
C:\Users\katie\Downloads\ai01-3rd-3team-1\logs\real_human\20260210_perf001_flow_20260210_ikkr3o_success.json,flow_20260210_ikkr3o,0.09430499
C:\Users\katie\Downloads\ai01-3rd-3team-1\logs\real_human\20260210_perf001_flow_20260210_knlwqq_success.json,flow_20260210_knlwqq,0.12138743
C:\Users\katie\Downloads\ai01-3rd-3team-1\logs\real_human\20260210_perf001_flow_20260210_kywyq6_success.json,flow_20260210_kywyq6,0.13780311
C:\Users\katie\Downloads\ai01-3rd-3team-1\logs\real_human\20260210_perf001_flow_20260210_l3lp4t_success.json,flow_20260210_l3lp4t,0.01366295
C:\Users\katie\Downloads\ai01-3rd-3team-1\logs\real_human\20260210_perf001_flow_20260210_lro9k0_success.json,flow_20260210_lro9k0,0.08200442
C:\Users\katie\Downloads\ai01-3rd-3team-1\logs\real_human\20260210_perf001_flow_20260210_m027nf_success.json,flow_20260210_m027nf,0.05195395
C:\Users\katie\Downloads\ai01-3rd-3team-1\logs\real_human\20260210_perf001_flow_20260210_m3jp4g_success.json,flow_20260210_m3jp4g,0.04913298
C:\Users\katie\Downloads\ai01-3rd-3team-1\logs\real_human\20260210_perf001_flow_20260210_mbyguu_success.json,flow_20260210_mbyguu,0.09586536
C:\Users\katie\Downloads\ai01-3rd-3team-1\logs\real_human\20260210_perf001_flow_20260210_muwwbq_success.json,flow_20260210_muwwbq,0.13229976
C:\Users\katie\Downloads\ai01-3rd-3team-1\logs\real_human\20260210_perf001_flow_20260210_myp1ct_success.json,flow_20260210_myp1ct,0.10093469
C:\Users\katie\Downloads\ai01-3rd-3team-1\logs\real_human\20260210_perf001_flow_20260210_oa3lul_success.json,flow_20260210_oa3lul,0.05020527
C:\Users\katie\Downloads\ai01-3rd-3team-1\logs\real_human\20260210_perf001_flow_20260210_oxv6n5_success.json,flow_20260210_oxv6n5,0.04551200
C:\Users\katie\Downloads\ai01-3rd-3team-1\logs\real_human\20260210_perf001_flow_20260210_pf0f3f_success.json,flow_20260210_pf0f3f,0.06238254
C:\Users\katie\Downloads\ai01-3rd-3team-1\logs\real_human\20260210_perf001_flow_20260210_qkvirm_success.json,flow_20260210_qkvirm,0.00563791
C:\Users\katie\Downloads\ai01-3rd-3team-1\logs\real_human\20260210_perf001_flow_20260210_rcsype_success.json,flow_20260210_rcsype,0.09021562
C:\Users\katie\Downloads\ai01-3rd-3team-1\logs\real_human\20260210_perf001_flow_20260210_rslu6s_success.json,flow_20260210_rslu6s,0.09123095
C:\Users\katie\Downloads\ai01-3rd-3team-1\logs\real_human\20260210_perf001_flow_20260210_snby2b_success.json,flow_20260210_snby2b,0.05622684
C:\Users\katie\Downloads\ai01-3rd-3team-1\logs\real_human\20260210_perf001_flow_20260210_tf6ugm_success.json,flow_20260210_tf6ugm,0.06009827
C:\Users\katie\Downloads\ai01-3rd-3team-1\logs\real_human\20260210_perf001_flow_20260210_tqz233_success.json,flow_20260210_tqz233,0.06292334
C:\Users\katie\Downloads\ai01-3rd-3team-1\logs\real_human\20260210_perf001_flow_20260210_tsjjii_success.json,flow_20260210_tsjjii,0.06179629
C:\Users\katie\Downloads\ai01-3rd-3team-1\logs\real_human\20260210_perf001_flow_20260210_tw2i0y_success.json,flow_20260210_tw2i0y,0.05791425
C:\Users\katie\Downloads\ai01-3rd-3team-1\logs\real_human\20260210_perf001_flow_20260210_tw8cll_success.json,flow_20260210_tw8cll,0.08709248
C:\Users\katie\Downloads\ai01-3rd-3team-1\logs\real_human\20260210_perf001_flow_20260210_w3hwqm_success.json,flow_20260210_w3hwqm,0.04082938
C:\Users\katie\Downloads\ai01-3rd-3team-1\logs\real_human\20260210_perf001_flow_20260210_wj1kha_success.json,flow_20260210_wj1kha,0.11450406
C:\Users\katie\Downloads\ai01-3rd-3team-1\logs\real_human\20260210_perf001_flow_20260210_x44wxx_success.json,flow_20260210_x44wxx,0.04245191
C:\Users\katie\Downloads\ai01-3rd-3team-1\logs\real_human\20260210_perf001_flow_20260210_xmeqrc_success.json,flow_20260210_xmeqrc,0.12366918
C:\Users\katie\Downloads\ai01-3rd-3team-1\logs\real_human\20260210_perf001_flow_20260210_y4any5_success.json,flow_20260210_y4any5,0.10996190
C:\Users\katie\Downloads\ai01-3rd-3team-1\logs\real_human\20260210_perf001_flow_20260210_y82qur_success.json,flow_20260210_y82qur,0.08062504
C:\Users\katie\Downloads\ai01-3rd-3team-1\logs\real_human\20260210_perf001_flow_20260210_yayrx8_success.json,flow_20260210_yayrx8,0.02693459
C:\Users\katie\Downloads\ai01-3rd-3team-1\logs\real_human\20260210_perf001_flow_20260210_yp6sgt_success.json,flow_20260210_yp6sgt,0.15753081
C:\Users\katie\Downloads\ai01-3rd-3team-1\logs\real_human\20260210_perf001_flow_20260210_yrm6ma_success.json,flow_20260210_yrm6ma,0.11386807
C:\Users\katie\Downloads\ai01-3rd-3team-1\logs\real_human\20260210_perf001_flow_20260210_z5omib_success.json,flow_20260210_z5omib,0.04221872
C:\Users\katie\Downloads\ai01-3rd-3team-1\logs\real_human\20260210_perf002_flow_20260210_0dfosl_success.json,flow_20260210_0dfosl,0.07711731
C:\Users\katie\Downloads\ai01-3rd-3team-1\logs\real_human\20260210_perf002_flow_20260210_0hrasf_success.json,flow_20260210_0hrasf,0.08661624
C:\Users\katie\Downloads\ai01-3rd-3team-1\logs\real_human\20260210_perf002_flow_20260210_1nkq4i_success.json,flow_20260210_1nkq4i,0.06732783
C:\Users\katie\Downloads\ai01-3rd-3team-1\logs\real_human\20260210_perf002_flow_20260210_22qvlu_success.json,flow_20260210_22qvlu,0.13301152
C:\Users\katie\Downloads\ai01-3rd-3team-1\logs\real_human\20260210_perf002_flow_20260210_2igwuz_success.json,flow_20260210_2igwuz,0.12596065
C:\Users\katie\Downloads\ai01-3rd-3team-1\logs\real_human\20260210_perf002_flow_20260210_2nsm4c_success.json,flow_20260210_2nsm4c,0.06992875
C:\Users\katie\Downloads\ai01-3rd-3team-1\logs\real_human\20260210_perf002_flow_20260210_364l8e_success.json,flow_20260210_364l8e,0.08339202
C:\Users\katie\Downloads\ai01-3rd-3team-1\logs\real_human\20260210_perf002_flow_20260210_3dzx1k_success.json,flow_20260210_3dzx1k,0.17339007
C:\Users\katie\Downloads\ai01-3rd-3team-1\logs\real_human\20260210_perf002_flow_20260210_3zmvbh_success.json,flow_20260210_3zmvbh,0.14043064
C:\Users\katie\Downloads\ai01-3rd-3team-1\logs\real_human\20260210_perf002_flow_20260210_4k27wq_success.json,flow_20260210_4k27wq,0.04403307
C:\Users\katie\Downloads\ai01-3rd-3team-1\logs\real_human\20260210_perf002_flow_20260210_4xnyap_success.json,flow_20260210_4xnyap,0.14743436
C:\Users\katie\Downloads\ai01-3rd-3team-1\logs\real_human\20260210_perf002_flow_20260210_5818ji_success.json,flow_20260210_5818ji,0.13334266
C:\Users\katie\Downloads\ai01-3rd-3team-1\logs\real_human\20260210_perf002_flow_20260210_5al1ek_success.json,flow_20260210_5al1ek,0.14333417
C:\Users\katie\Downloads\ai01-3rd-3team-1\logs\real_human\20260210_perf002_flow_20260210_5gtljf_success.json,flow_20260210_5gtljf,0.05859891
C:\Users\katie\Downloads\ai01-3rd-3team-1\logs\real_human\20260210_perf002_flow_20260210_6r8n9h_success.json,flow_20260210_6r8n9h,0.21264702
C:\Users\katie\Downloads\ai01-3rd-3team-1\logs\real_human\20260210_perf002_flow_20260210_76atmt_success.json,flow_20260210_76atmt,0.18342370
C:\Users\katie\Downloads\ai01-3rd-3team-1\logs\real_human\20260210_perf002_flow_20260210_7p6us2_success.json,flow_20260210_7p6us2,0.03860285
C:\Users\katie\Downloads\ai01-3rd-3team-1\logs\real_human\20260210_perf002_flow_20260210_7ptdd1_success.json,flow_20260210_7ptdd1,0.09343323
C:\Users\katie\Downloads\ai01-3rd-3team-1\logs\real_human\20260210_perf002_flow_20260210_8fa6zc_success.json,flow_20260210_8fa6zc,0.05451687
C:\Users\katie\Downloads\ai01-3rd-3team-1\logs\real_human\20260210_perf002_flow_20260210_8kmox7_success.json,flow_20260210_8kmox7,0.10897433
C:\Users\katie\Downloads\ai01-3rd-3team-1\logs\real_human\20260210_perf002_flow_20260210_8x2unz_success.json,flow_20260210_8x2unz,0.05516856
C:\Users\katie\Downloads\ai01-3rd-3team-1\logs\real_human\20260210_perf002_flow_20260210_90pabt_success.json,flow_20260210_90pabt,0.06850596
C:\Users\katie\Downloads\ai01-3rd-3team-1\logs\real_human\20260210_perf002_flow_20260210_9muhls_success.json,flow_20260210_9muhls,0.09463121
C:\Users\katie\Downloads\ai01-3rd-3team-1\logs\real_human\20260210_perf002_flow_20260210_9nwm2c_success.json,flow_20260210_9nwm2c,0.05726968
C:\Users\katie\Downloads\ai01-3rd-3team-1\logs\real_human\20260210_perf002_flow_20260210_9pmxth_success.json,flow_20260210_9pmxth,0.06687083
C:\Users\katie\Downloads\ai01-3rd-3team-1\logs\real_human\20260210_perf002_flow_20260210_agmk55_success.json,flow_20260210_agmk55,0.03416468
C:\Users\katie\Downloads\ai01-3rd-3team-1\logs\real_human\20260210_perf002_flow_20260210_cat77i_success.json,flow_20260210_cat77i,0.04563745
C:\Users\katie\Downloads\ai01-3rd-3team-1\logs\real_human\20260210_perf002_flow_20260210_ck562n_success.json,flow_20260210_ck562n,0.07061652
C:\Users\katie\Downloads\ai01-3rd-3team-1\logs\real_human\20260210_perf002_flow_20260210_cq7jfb_success.json,flow_20260210_cq7jfb,0.05299498
C:\Users\katie\Downloads\ai01-3rd-3team-1\logs\real_human\20260210_perf002_flow_20260210_day31y_success.json,flow_20260210_day31y,0.15161229
C:\Users\katie\Downloads\ai01-3rd-3team-1\logs\real_human\20260210_perf002_flow_20260210_ehpihg_success.json,flow_20260210_ehpihg,0.06552552
C:\Users\katie\Downloads\ai01-3rd-3team-1\logs\real_human\20260210_perf002_flow_20260210_ehuxvs_success.json,flow_20260210_ehuxvs,0.08978336
C:\Users\katie\Downloads\ai01-3rd-3team-1\logs\real_human\20260210_perf002_flow_20260210_fqqnzy_success.json,flow_20260210_fqqnzy,0.03962733
C:\Users\katie\Downloads\ai01-3rd-3team-1\logs\real_human\20260210_perf002_flow_20260210_gvrbxp_success.json,flow_20260210_gvrbxp,0.05822178
C:\Users\katie\Downloads\ai01-3rd-3team-1\logs\real_human\20260210_perf002_flow_20260210_hlleyw_success.json,flow_20260210_hlleyw,0.10831626
C:\Users\katie\Downloads\ai01-3rd-3team-1\logs\real_human\20260210_perf002_flow_20260210_imz330_success.json,flow_20260210_imz330,0.06678875
C:\Users\katie\Downloads\ai01-3rd-3team-1\logs\real_human\20260210_perf002_flow_20260210_iw6tyz_success.json,flow_20260210_iw6tyz,0.10921858
C:\Users\katie\Downloads\ai01-3rd-3team-1\logs\real_human\20260210_perf002_flow_20260210_kgsxa8_success.json,flow_20260210_kgsxa8,0.07445354
C:\Users\katie\Downloads\ai01-3rd-3team-1\logs\real_human\20260210_perf002_flow_20260210_kn7008_success.json,flow_20260210_kn7008,0.12665145
C:\Users\katie\Downloads\ai01-3rd-3team-1\logs\real_human\20260210_perf002_flow_20260210_l8ssxe_success.json,flow_20260210_l8ssxe,0.07528346
C:\Users\katie\Downloads\ai01-3rd-3team-1\logs\real_human\20260210_perf002_flow_20260210_lfy7po_success.json,flow_20260210_lfy7po,0.02508130
C:\Users\katie\Downloads\ai01-3rd-3team-1\logs\real_human\20260210_perf002_flow_20260210_lm5l4i_success.json,flow_20260210_lm5l4i,0.02584743
C:\Users\katie\Downloads\ai01-3rd-3team-1\logs\real_human\20260210_perf002_flow_20260210_lmgy94_success.json,flow_20260210_lmgy94,0.04806213
C:\Users\katie\Downloads\ai01-3rd-3team-1\logs\real_human\20260210_perf002_flow_20260210_lobo1z_success.json,flow_20260210_lobo1z,0.06430649
C:\Users\katie\Downloads\ai01-3rd-3team-1\logs\real_human\20260210_perf002_flow_20260210_m0j9lj_success.json,flow_20260210_m0j9lj,0.05315981
C:\Users\katie\Downloads\ai01-3rd-3team-1\logs\real_human\20260210_perf002_flow_20260210_m5l38u_success.json,flow_20260210_m5l38u,0.73912576
C:\Users\katie\Downloads\ai01-3rd-3team-1\logs\real_human\20260210_perf002_flow_20260210_mpt8ck_success.json,flow_20260210_mpt8ck,0.18208836
C:\Users\katie\Downloads\ai01-3rd-3team-1\logs\real_human\20260210_perf002_flow_20260210_n3ibuw_success.json,flow_20260210_n3ibuw,0.07622780
C:\Users\katie\Downloads\ai01-3rd-3team-1\logs\real_human\20260210_perf002_flow_20260210_ngopay_success.json,flow_20260210_ngopay,0.06697632
C:\Users\katie\Downloads\ai01-3rd-3team-1\logs\real_human\20260210_perf002_flow_20260210_oi59cj_success.json,flow_20260210_oi59cj,0.14546039
C:\Users\katie\Downloads\ai01-3rd-3team-1\logs\real_human\20260210_perf002_flow_20260210_p104e3_success.json,flow_20260210_p104e3,0.12909239
C:\Users\katie\Downloads\ai01-3rd-3team-1\logs\real_human\20260210_perf002_flow_20260210_p84l59_success.json,flow_20260210_p84l59,0.03666641
C:\Users\katie\Downloads\ai01-3rd-3team-1\logs\real_human\20260210_perf002_flow_20260210_q7cy3q_success.json,flow_20260210_q7cy3q,0.02113860
C:\Users\katie\Downloads\ai01-3rd-3team-1\logs\real_human\20260210_perf002_flow_20260210_qimt94_success.json,flow_20260210_qimt94,0.09811212
C:\Users\katie\Downloads\ai01-3rd-3team-1\logs\real_human\20260210_perf002_flow_20260210_qnvjmf_success.json,flow_20260210_qnvjmf,0.08178569
C:\Users\katie\Downloads\ai01-3rd-3team-1\logs\real_human\20260210_perf002_flow_20260210_r7xpo0_success.json,flow_20260210_r7xpo0,0.18266249
C:\Users\katie\Downloads\ai01-3rd-3team-1\logs\real_human\20260210_perf002_flow_20260210_r9hbgt_success.json,flow_20260210_r9hbgt,0.05056289
C:\Users\katie\Downloads\ai01-3rd-3team-1\logs\real_human\20260210_perf002_flow_20260210_rsxfuw_success.json,flow_20260210_rsxfuw,0.02457168
C:\Users\katie\Downloads\ai01-3rd-3team-1\logs\real_human\20260210_perf002_flow_20260210_sfln6d_success.json,flow_20260210_sfln6d,0.20602322
C:\Users\katie\Downloads\ai01-3rd-3team-1\logs\real_human\20260210_perf002_flow_20260210_t6ao27_success.json,flow_20260210_t6ao27,0.17731244
C:\Users\katie\Downloads\ai01-3rd-3team-1\logs\real_human\20260210_perf002_flow_20260210_tbfdkf_success.json,flow_20260210_tbfdkf,0.02643328
C:\Users\katie\Downloads\ai01-3rd-3team-1\logs\real_human\20260210_perf002_flow_20260210_tp2xpl_success.json,flow_20260210_tp2xpl,0.07665795
C:\Users\katie\Downloads\ai01-3rd-3team-1\logs\real_human\20260210_perf002_flow_20260210_txt2id_success.json,flow_20260210_txt2id,0.09844805
C:\Users\katie\Downloads\ai01-3rd-3team-1\logs\real_human\20260210_perf002_flow_20260210_tyrzfh_success.json,flow_20260210_tyrzfh,0.06269276
C:\Users\katie\Downloads\ai01-3rd-3team-1\logs\real_human\20260210_perf002_flow_20260210_u928e6_success.json,flow_20260210_u928e6,0.08353837
C:\Users\katie\Downloads\ai01-3rd-3team-1\logs\real_human\20260210_perf002_flow_20260210_ucgijv_success.json,flow_20260210_ucgijv,0.08504287
C:\Users\katie\Downloads\ai01-3rd-3team-1\logs\real_human\20260210_perf002_flow_20260210_uhki3l_success.json,flow_20260210_uhki3l,0.06093894
C:\Users\katie\Downloads\ai01-3rd-3team-1\logs\real_human\20260210_perf002_flow_20260210_v2q7pu_success.json,flow_20260210_v2q7pu,0.06224508
C:\Users\katie\Downloads\ai01-3rd-3team-1\logs\real_human\20260210_perf002_flow_20260210_vdm6yj_success.json,flow_20260210_vdm6yj,0.09029576
C:\Users\katie\Downloads\ai01-3rd-3team-1\logs\real_human\20260210_perf002_flow_20260210_vs632j_success.json,flow_20260210_vs632j,0.05538979
C:\Users\katie\Downloads\ai01-3rd-3team-1\logs\real_human\20260210_perf002_flow_20260210_w4ehqq_success.json,flow_20260210_w4ehqq,0.16177094
C:\Users\katie\Downloads\ai01-3rd-3team-1\logs\real_human\20260210_perf002_flow_20260210_wguacj_success.json,flow_20260210_wguacj,0.25073818
C:\Users\katie\Downloads\ai01-3rd-3team-1\logs\real_human\20260210_perf002_flow_20260210_wmqapn_success.json,flow_20260210_wmqapn,0.03707789
C:\Users\katie\Downloads\ai01-3rd-3team-1\logs\real_human\20260210_perf002_flow_20260210_xy1iic_success.json,flow_20260210_xy1iic,0.06655515
C:\Users\katie\Downloads\ai01-3rd-3team-1\logs\real_human\20260210_perf002_flow_20260210_yx7zuk_success.json,flow_20260210_yx7zuk,0.09996113
C:\Users\katie\Downloads\ai01-3rd-3team-1\logs\real_human\20260210_perf002_flow_20260210_z1e0qn_success.json,flow_20260210_z1e0qn,0.05981117
C:\Users\katie\Downloads\ai01-3rd-3team-1\logs\real_human\20260210_perf002_flow_20260210_z7fez3_success.json,flow_20260210_z7fez3,0.02772513
C:\Users\katie\Downloads\ai01-3rd-3team-1\logs\real_human\20260210_perf002_flow_20260210_zi4ywd_success.json,flow_20260210_zi4ywd,0.19403959
C:\Users\katie\Downloads\ai01-3rd-3team-1\logs\real_human\20260210_perf003_flow_20260210_1hujqb_success.json,flow_20260210_1hujqb,0.08488763
C:\Users\katie\Downloads\ai01-3rd-3team-1\logs\real_human\20260210_perf003_flow_20260210_30uvs8_success.json,flow_20260210_30uvs8,0.02482028
C:\Users\katie\Downloads\ai01-3rd-3team-1\logs\real_human\20260210_perf003_flow_20260210_35vp3y_success.json,flow_20260210_35vp3y,0.02114334
C:\Users\katie\Downloads\ai01-3rd-3team-1\logs\real_human\20260210_perf003_flow_20260210_3parem_success.json,flow_20260210_3parem,0.02469079
C:\Users\katie\Downloads\ai01-3rd-3team-1\logs\real_human\20260210_perf003_flow_20260210_4csnop_success.json,flow_20260210_4csnop,0.07694676
C:\Users\katie\Downloads\ai01-3rd-3team-1\logs\real_human\20260210_perf003_flow_20260210_4dsd3q_success.json,flow_20260210_4dsd3q,0.06946462
C:\Users\katie\Downloads\ai01-3rd-3team-1\logs\real_human\20260210_perf003_flow_20260210_572rsx_success.json,flow_20260210_572rsx,0.08118198
C:\Users\katie\Downloads\ai01-3rd-3team-1\logs\real_human\20260210_perf003_flow_20260210_5c1noi_success.json,flow_20260210_5c1noi,0.07836708
C:\Users\katie\Downloads\ai01-3rd-3team-1\logs\real_human\20260210_perf003_flow_20260210_5fl7gx_success.json,flow_20260210_5fl7gx,0.08292833
C:\Users\katie\Downloads\ai01-3rd-3team-1\logs\real_human\20260210_perf003_flow_20260210_6ontmj_success.json,flow_20260210_6ontmj,0.07083416
C:\Users\katie\Downloads\ai01-3rd-3team-1\logs\real_human\20260210_perf003_flow_20260210_6q0gy4_success.json,flow_20260210_6q0gy4,0.10515905
C:\Users\katie\Downloads\ai01-3rd-3team-1\logs\real_human\20260210_perf003_flow_20260210_7595g9_success.json,flow_20260210_7595g9,0.07211094
C:\Users\katie\Downloads\ai01-3rd-3team-1\logs\real_human\20260210_perf003_flow_20260210_7ewrbl_success.json,flow_20260210_7ewrbl,0.10271254
C:\Users\katie\Downloads\ai01-3rd-3team-1\logs\real_human\20260210_perf003_flow_20260210_7zzkec_success.json,flow_20260210_7zzkec,0.08258317
C:\Users\katie\Downloads\ai01-3rd-3team-1\logs\real_human\20260210_perf003_flow_20260210_829uqx_success.json,flow_20260210_829uqx,0.08823480
C:\Users\katie\Downloads\ai01-3rd-3team-1\logs\real_human\20260210_perf003_flow_20260210_8db12k_success.json,flow_20260210_8db12k,0.85819154
C:\Users\katie\Downloads\ai01-3rd-3team-1\logs\real_human\20260210_perf003_flow_20260210_8lpdal_success.json,flow_20260210_8lpdal,0.04107917
C:\Users\katie\Downloads\ai01-3rd-3team-1\logs\real_human\20260210_perf003_flow_20260210_8p2zsj_success.json,flow_20260210_8p2zsj,0.05848490
C:\Users\katie\Downloads\ai01-3rd-3team-1\logs\real_human\20260210_perf003_flow_20260210_8pdo7o_success.json,flow_20260210_8pdo7o,0.07424561
C:\Users\katie\Downloads\ai01-3rd-3team-1\logs\real_human\20260210_perf003_flow_20260210_9dcdkr_success.json,flow_20260210_9dcdkr,0.15801752
C:\Users\katie\Downloads\ai01-3rd-3team-1\logs\real_human\20260210_perf003_flow_20260210_9m26fq_success.json,flow_20260210_9m26fq,0.12255589
C:\Users\katie\Downloads\ai01-3rd-3team-1\logs\real_human\20260210_perf003_flow_20260210_alqx1n_success.json,flow_20260210_alqx1n,0.09836729
C:\Users\katie\Downloads\ai01-3rd-3team-1\logs\real_human\20260210_perf003_flow_20260210_bfpg6b_success.json,flow_20260210_bfpg6b,0.09360105
C:\Users\katie\Downloads\ai01-3rd-3team-1\logs\real_human\20260210_perf003_flow_20260210_bidojb_success.json,flow_20260210_bidojb,0.12197966
C:\Users\katie\Downloads\ai01-3rd-3team-1\logs\real_human\20260210_perf003_flow_20260210_c4d97x_success.json,flow_20260210_c4d97x,0.05317129
C:\Users\katie\Downloads\ai01-3rd-3team-1\logs\real_human\20260210_perf003_flow_20260210_db6sae_success.json,flow_20260210_db6sae,0.06621116
C:\Users\katie\Downloads\ai01-3rd-3team-1\logs\real_human\20260210_perf003_flow_20260210_dj202k_success.json,flow_20260210_dj202k,0.06805638
C:\Users\katie\Downloads\ai01-3rd-3team-1\logs\real_human\20260210_perf003_flow_20260210_eb1tbj_success.json,flow_20260210_eb1tbj,0.05730432
C:\Users\katie\Downloads\ai01-3rd-3team-1\logs\real_human\20260210_perf003_flow_20260210_eceu9p_success.json,flow_20260210_eceu9p,0.15344548
C:\Users\katie\Downloads\ai01-3rd-3team-1\logs\real_human\20260210_perf003_flow_20260210_eig17l_success.json,flow_20260210_eig17l,0.08386054
C:\Users\katie\Downloads\ai01-3rd-3team-1\logs\real_human\20260210_perf003_flow_20260210_eo8zsu_success.json,flow_20260210_eo8zsu,0.05054911
C:\Users\katie\Downloads\ai01-3rd-3team-1\logs\real_human\20260210_perf003_flow_20260210_f99hf0_success.json,flow_20260210_f99hf0,0.07198730
C:\Users\katie\Downloads\ai01-3rd-3team-1\logs\real_human\20260210_perf003_flow_20260210_fheyso_success.json,flow_20260210_fheyso,0.00193228
C:\Users\katie\Downloads\ai01-3rd-3team-1\logs\real_human\20260210_perf003_flow_20260210_fsnyuo_success.json,flow_20260210_fsnyuo,0.02257523
C:\Users\katie\Downloads\ai01-3rd-3team-1\logs\real_human\20260210_perf003_flow_20260210_ggufab_success.json,flow_20260210_ggufab,0.01012116
C:\Users\katie\Downloads\ai01-3rd-3team-1\logs\real_human\20260210_perf003_flow_20260210_gkt9sj_success.json,flow_20260210_gkt9sj,0.07279408
C:\Users\katie\Downloads\ai01-3rd-3team-1\logs\real_human\20260210_perf003_flow_20260210_gvdcjk_success.json,flow_20260210_gvdcjk,0.17367932
C:\Users\katie\Downloads\ai01-3rd-3team-1\logs\real_human\20260210_perf003_flow_20260210_hoyqs0_success.json,flow_20260210_hoyqs0,0.10384686
C:\Users\katie\Downloads\ai01-3rd-3team-1\logs\real_human\20260210_perf003_flow_20260210_jnvnfh_success.json,flow_20260210_jnvnfh,0.07868266
C:\Users\katie\Downloads\ai01-3rd-3team-1\logs\real_human\20260210_perf003_flow_20260210_jpr5jv_success.json,flow_20260210_jpr5jv,0.06945051
C:\Users\katie\Downloads\ai01-3rd-3team-1\logs\real_human\20260210_perf003_flow_20260210_k4wrbs_success.json,flow_20260210_k4wrbs,0.06310429
C:\Users\katie\Downloads\ai01-3rd-3team-1\logs\real_human\20260210_perf003_flow_20260210_l43igt_success.json,flow_20260210_l43igt,0.30650890
C:\Users\katie\Downloads\ai01-3rd-3team-1\logs\real_human\20260210_perf003_flow_20260210_ll04ww_success.json,flow_20260210_ll04ww,0.08748338
C:\Users\katie\Downloads\ai01-3rd-3team-1\logs\real_human\20260210_perf003_flow_20260210_llh3sp_success.json,flow_20260210_llh3sp,0.08336152
C:\Users\katie\Downloads\ai01-3rd-3team-1\logs\real_human\20260210_perf003_flow_20260210_mbrp7t_success.json,flow_20260210_mbrp7t,0.05614737
C:\Users\katie\Downloads\ai01-3rd-3team-1\logs\real_human\20260210_perf003_flow_20260210_mmt1wv_success.json,flow_20260210_mmt1wv,0.13153277
C:\Users\katie\Downloads\ai01-3rd-3team-1\logs\real_human\20260210_perf003_flow_20260210_nqespz_success.json,flow_20260210_nqespz,0.08524305
C:\Users\katie\Downloads\ai01-3rd-3team-1\logs\real_human\20260210_perf003_flow_20260210_ojawpp_success.json,flow_20260210_ojawpp,0.06070044
C:\Users\katie\Downloads\ai01-3rd-3team-1\logs\real_human\20260210_perf003_flow_20260210_oskkbl_success.json,flow_20260210_oskkbl,0.09982979
C:\Users\katie\Downloads\ai01-3rd-3team-1\logs\real_human\20260210_perf003_flow_20260210_poak0x_success.json,flow_20260210_poak0x,0.09554673
C:\Users\katie\Downloads\ai01-3rd-3team-1\logs\real_human\20260210_perf003_flow_20260210_qcq2fh_success.json,flow_20260210_qcq2fh,0.08002638
C:\Users\katie\Downloads\ai01-3rd-3team-1\logs\real_human\20260210_perf003_flow_20260210_qikkcc_success.json,flow_20260210_qikkcc,0.07230804
C:\Users\katie\Downloads\ai01-3rd-3team-1\logs\real_human\20260210_perf003_flow_20260210_rpjm4b_success.json,flow_20260210_rpjm4b,0.06485265
C:\Users\katie\Downloads\ai01-3rd-3team-1\logs\real_human\20260210_perf003_flow_20260210_rygd2l_success.json,flow_20260210_rygd2l,0.09909897
C:\Users\katie\Downloads\ai01-3rd-3team-1\logs\real_human\20260210_perf003_flow_20260210_s52ayt_success.json,flow_20260210_s52ayt,0.12267444
C:\Users\katie\Downloads\ai01-3rd-3team-1\logs\real_human\20260210_perf003_flow_20260210_usdj37_success.json,flow_20260210_usdj37,0.10640180
C:\Users\katie\Downloads\ai01-3rd-3team-1\logs\real_human\20260210_perf003_flow_20260210_v75quv_success.json,flow_20260210_v75quv,0.07847745
C:\Users\katie\Downloads\ai01-3rd-3team-1\logs\real_human\20260210_perf003_flow_20260210_vcrb7a_success.json,flow_20260210_vcrb7a,0.05843177
C:\Users\katie\Downloads\ai01-3rd-3team-1\logs\real_human\20260210_perf003_flow_20260210_vl7zhp_success.json,flow_20260210_vl7zhp,0.21664069
C:\Users\katie\Downloads\ai01-3rd-3team-1\logs\real_human\20260210_perf003_flow_20260210_w2pd29_success.json,flow_20260210_w2pd29,0.08493949
C:\Users\katie\Downloads\ai01-3rd-3team-1\logs\real_human\20260210_perf003_flow_20260210_w7mmhw_success.json,flow_20260210_w7mmhw,0.09650161
C:\Users\katie\Downloads\ai01-3rd-3team-1\logs\real_human\20260210_perf003_flow_20260210_wnqc2v_success.json,flow_20260210_wnqc2v,0.03114310
C:\Users\katie\Downloads\ai01-3rd-3team-1\logs\real_human\20260210_perf003_flow_20260210_wu5yyq_success.json,flow_20260210_wu5yyq,0.07663825
C:\Users\katie\Downloads\ai01-3rd-3team-1\logs\real_human\20260210_perf003_flow_20260210_wwgkut_success.json,flow_20260210_wwgkut,0.12587655
C:\Users\katie\Downloads\ai01-3rd-3team-1\logs\real_human\20260210_perf003_flow_20260210_x98p83_success.json,flow_20260210_x98p83,0.12225167
C:\Users\katie\Downloads\ai01-3rd-3team-1\logs\real_human\20260210_perf003_flow_20260210_xewi81_success.json,flow_20260210_xewi81,0.12988525
C:\Users\katie\Downloads\ai01-3rd-3team-1\logs\real_human\20260210_perf003_flow_20260210_xf5bd9_success.json,flow_20260210_xf5bd9,0.02768576
C:\Users\katie\Downloads\ai01-3rd-3team-1\logs\real_human\20260210_perf003_flow_20260210_xiipk6_success.json,flow_20260210_xiipk6,0.19217315
C:\Users\katie\Downloads\ai01-3rd-3team-1\logs\real_human\20260210_perf003_flow_20260210_xje7x1_success.json,flow_20260210_xje7x1,1.00000000
C:\Users\katie\Downloads\ai01-3rd-3team-1\logs\real_human\20260210_perf003_flow_20260210_xr130i_success.json,flow_20260210_xr130i,0.11520167
C:\Users\katie\Downloads\ai01-3rd-3team-1\logs\real_human\20260210_perf003_flow_20260210_ygpain_success.json,flow_20260210_ygpain,0.13818875
C:\Users\katie\Downloads\ai01-3rd-3team-1\logs\real_human\20260210_perf004_flow_20260210_03umlo_success.json,flow_20260210_03umlo,0.17636728
C:\Users\katie\Downloads\ai01-3rd-3team-1\logs\real_human\20260210_perf004_flow_20260210_04crp3_success.json,flow_20260210_04crp3,0.07852624
C:\Users\katie\Downloads\ai01-3rd-3team-1\logs\real_human\20260210_perf004_flow_20260210_0vbckz_success.json,flow_20260210_0vbckz,0.02933237
C:\Users\katie\Downloads\ai01-3rd-3team-1\logs\real_human\20260210_perf004_flow_20260210_1ga260_success.json,flow_20260210_1ga260,0.07922852
C:\Users\katie\Downloads\ai01-3rd-3team-1\logs\real_human\20260210_perf004_flow_20260210_1i7sx8_success.json,flow_20260210_1i7sx8,0.12635335
C:\Users\katie\Downloads\ai01-3rd-3team-1\logs\real_human\20260210_perf004_flow_20260210_1wi414_success.json,flow_20260210_1wi414,0.16577743
C:\Users\katie\Downloads\ai01-3rd-3team-1\logs\real_human\20260210_perf004_flow_20260210_26t5bj_success.json,flow_20260210_26t5bj,0.09723705
C:\Users\katie\Downloads\ai01-3rd-3team-1\logs\real_human\20260210_perf004_flow_20260210_2dqi6m_success.json,flow_20260210_2dqi6m,0.08204682
C:\Users\katie\Downloads\ai01-3rd-3team-1\logs\real_human\20260210_perf004_flow_20260210_2itooe_success.json,flow_20260210_2itooe,0.03469103
C:\Users\katie\Downloads\ai01-3rd-3team-1\logs\real_human\20260210_perf004_flow_20260210_2wneqq_success.json,flow_20260210_2wneqq,0.04186348
C:\Users\katie\Downloads\ai01-3rd-3team-1\logs\real_human\20260210_perf004_flow_20260210_31czyo_success.json,flow_20260210_31czyo,0.03920071
C:\Users\katie\Downloads\ai01-3rd-3team-1\logs\real_human\20260210_perf004_flow_20260210_3pdwx5_success.json,flow_20260210_3pdwx5,0.04866813
C:\Users\katie\Downloads\ai01-3rd-3team-1\logs\real_human\20260210_perf004_flow_20260210_3ybrqw_success.json,flow_20260210_3ybrqw,0.06090011
C:\Users\katie\Downloads\ai01-3rd-3team-1\logs\real_human\20260210_perf004_flow_20260210_411taz_success.json,flow_20260210_411taz,0.06378711
C:\Users\katie\Downloads\ai01-3rd-3team-1\logs\real_human\20260210_perf004_flow_20260210_4j8d2p_success.json,flow_20260210_4j8d2p,0.03709397
C:\Users\katie\Downloads\ai01-3rd-3team-1\logs\real_human\20260210_perf004_flow_20260210_5haewc_success.json,flow_20260210_5haewc,0.03543115
C:\Users\katie\Downloads\ai01-3rd-3team-1\logs\real_human\20260210_perf004_flow_20260210_62oav6_success.json,flow_20260210_62oav6,0.15438551
C:\Users\katie\Downloads\ai01-3rd-3team-1\logs\real_human\20260210_perf004_flow_20260210_6qntp5_success.json,flow_20260210_6qntp5,0.11792883
C:\Users\katie\Downloads\ai01-3rd-3team-1\logs\real_human\20260210_perf004_flow_20260210_7269c2_success.json,flow_20260210_7269c2,0.16493734
C:\Users\katie\Downloads\ai01-3rd-3team-1\logs\real_human\20260210_perf004_flow_20260210_74ihg1_success.json,flow_20260210_74ihg1,0.84520069
C:\Users\katie\Downloads\ai01-3rd-3team-1\logs\real_human\20260210_perf004_flow_20260210_8lssis_success.json,flow_20260210_8lssis,0.09802734
C:\Users\katie\Downloads\ai01-3rd-3team-1\logs\real_human\20260210_perf004_flow_20260210_9mcwsk_success.json,flow_20260210_9mcwsk,0.09829386
C:\Users\katie\Downloads\ai01-3rd-3team-1\logs\real_human\20260210_perf004_flow_20260210_9mk5di_success.json,flow_20260210_9mk5di,0.09656267
C:\Users\katie\Downloads\ai01-3rd-3team-1\logs\real_human\20260210_perf004_flow_20260210_9qeht2_success.json,flow_20260210_9qeht2,0.20207743
C:\Users\katie\Downloads\ai01-3rd-3team-1\logs\real_human\20260210_perf004_flow_20260210_b1ipv6_success.json,flow_20260210_b1ipv6,0.06064435
C:\Users\katie\Downloads\ai01-3rd-3team-1\logs\real_human\20260210_perf004_flow_20260210_b1qrxz_success.json,flow_20260210_b1qrxz,0.09335550
C:\Users\katie\Downloads\ai01-3rd-3team-1\logs\real_human\20260210_perf004_flow_20260210_b8zeqh_success.json,flow_20260210_b8zeqh,0.05627779
C:\Users\katie\Downloads\ai01-3rd-3team-1\logs\real_human\20260210_perf004_flow_20260210_bivctc_success.json,flow_20260210_bivctc,0.24306436
C:\Users\katie\Downloads\ai01-3rd-3team-1\logs\real_human\20260210_perf004_flow_20260210_c89fsf_success.json,flow_20260210_c89fsf,0.06158658
C:\Users\katie\Downloads\ai01-3rd-3team-1\logs\real_human\20260210_perf004_flow_20260210_ceorcj_success.json,flow_20260210_ceorcj,0.03431149
C:\Users\katie\Downloads\ai01-3rd-3team-1\logs\real_human\20260210_perf004_flow_20260210_cz7eew_success.json,flow_20260210_cz7eew,0.05029364
C:\Users\katie\Downloads\ai01-3rd-3team-1\logs\real_human\20260210_perf004_flow_20260210_czhaav_success.json,flow_20260210_czhaav,0.09614456
C:\Users\katie\Downloads\ai01-3rd-3team-1\logs\real_human\20260210_perf004_flow_20260210_d3hfd2_success.json,flow_20260210_d3hfd2,0.07169789
C:\Users\katie\Downloads\ai01-3rd-3team-1\logs\real_human\20260210_perf004_flow_20260210_dgnmbf_success.json,flow_20260210_dgnmbf,0.05001117
C:\Users\katie\Downloads\ai01-3rd-3team-1\logs\real_human\20260210_perf004_flow_20260210_dm4pd5_success.json,flow_20260210_dm4pd5,0.09880868
C:\Users\katie\Downloads\ai01-3rd-3team-1\logs\real_human\20260210_perf004_flow_20260210_e5512e_success.json,flow_20260210_e5512e,0.03367514
C:\Users\katie\Downloads\ai01-3rd-3team-1\logs\real_human\20260210_perf004_flow_20260210_e64uqi_success.json,flow_20260210_e64uqi,0.07794489
C:\Users\katie\Downloads\ai01-3rd-3team-1\logs\real_human\20260210_perf004_flow_20260210_evifir_success.json,flow_20260210_evifir,0.08886440
C:\Users\katie\Downloads\ai01-3rd-3team-1\logs\real_human\20260210_perf004_flow_20260210_exbnor_success.json,flow_20260210_exbnor,0.10474806
C:\Users\katie\Downloads\ai01-3rd-3team-1\logs\real_human\20260210_perf004_flow_20260210_ezv93k_success.json,flow_20260210_ezv93k,0.11268464
C:\Users\katie\Downloads\ai01-3rd-3team-1\logs\real_human\20260210_perf004_flow_20260210_g2t9o9_success.json,flow_20260210_g2t9o9,0.09852732
C:\Users\katie\Downloads\ai01-3rd-3team-1\logs\real_human\20260210_perf004_flow_20260210_gc9xw3_success.json,flow_20260210_gc9xw3,0.15209137
C:\Users\katie\Downloads\ai01-3rd-3team-1\logs\real_human\20260210_perf004_flow_20260210_h87x0c_success.json,flow_20260210_h87x0c,0.29512288
C:\Users\katie\Downloads\ai01-3rd-3team-1\logs\real_human\20260210_perf004_flow_20260210_hguhi9_success.json,flow_20260210_hguhi9,0.06479194
C:\Users\katie\Downloads\ai01-3rd-3team-1\logs\real_human\20260210_perf004_flow_20260210_hmrl6e_success.json,flow_20260210_hmrl6e,0.14366629
C:\Users\katie\Downloads\ai01-3rd-3team-1\logs\real_human\20260210_perf004_flow_20260210_hn5i8l_success.json,flow_20260210_hn5i8l,0.55177590
C:\Users\katie\Downloads\ai01-3rd-3team-1\logs\real_human\20260210_perf004_flow_20260210_hqqgs6_success.json,flow_20260210_hqqgs6,0.12619566
C:\Users\katie\Downloads\ai01-3rd-3team-1\logs\real_human\20260210_perf004_flow_20260210_hsgefj_success.json,flow_20260210_hsgefj,0.15571482
C:\Users\katie\Downloads\ai01-3rd-3team-1\logs\real_human\20260210_perf004_flow_20260210_hvz1lj_success.json,flow_20260210_hvz1lj,0.09742320
C:\Users\katie\Downloads\ai01-3rd-3team-1\logs\real_human\20260210_perf004_flow_20260210_i4vgxs_success.json,flow_20260210_i4vgxs,0.03960064
C:\Users\katie\Downloads\ai01-3rd-3team-1\logs\real_human\20260210_perf004_flow_20260210_ibhwup_success.json,flow_20260210_ibhwup,0.09015471
C:\Users\katie\Downloads\ai01-3rd-3team-1\logs\real_human\20260210_perf004_flow_20260210_ip4pe4_success.json,flow_20260210_ip4pe4,0.22730531
C:\Users\katie\Downloads\ai01-3rd-3team-1\logs\real_human\20260210_perf004_flow_20260210_ipzprk_success.json,flow_20260210_ipzprk,0.12279912
C:\Users\katie\Downloads\ai01-3rd-3team-1\logs\real_human\20260210_perf004_flow_20260210_iuc9ne_success.json,flow_20260210_iuc9ne,0.11554511
C:\Users\katie\Downloads\ai01-3rd-3team-1\logs\real_human\20260210_perf004_flow_20260210_izth68_success.json,flow_20260210_izth68,0.06549947
C:\Users\katie\Downloads\ai01-3rd-3team-1\logs\real_human\20260210_perf004_flow_20260210_j28vt7_success.json,flow_20260210_j28vt7,0.08553045
C:\Users\katie\Downloads\ai01-3rd-3team-1\logs\real_human\20260210_perf004_flow_20260210_jk67c1_success.json,flow_20260210_jk67c1,0.07010873
C:\Users\katie\Downloads\ai01-3rd-3team-1\logs\real_human\20260210_perf004_flow_20260210_jyczz6_success.json,flow_20260210_jyczz6,0.01761741
C:\Users\katie\Downloads\ai01-3rd-3team-1\logs\real_human\20260210_perf004_flow_20260210_k7paa2_success.json,flow_20260210_k7paa2,0.05195091
C:\Users\katie\Downloads\ai01-3rd-3team-1\logs\real_human\20260210_perf004_flow_20260210_kumfhn_success.json,flow_20260210_kumfhn,0.15435599
C:\Users\katie\Downloads\ai01-3rd-3team-1\logs\real_human\20260210_perf004_flow_20260210_kuw6td_success.json,flow_20260210_kuw6td,0.08860391
C:\Users\katie\Downloads\ai01-3rd-3team-1\logs\real_human\20260210_perf004_flow_20260210_l32ir3_success.json,flow_20260210_l32ir3,0.12961220
C:\Users\katie\Downloads\ai01-3rd-3team-1\logs\real_human\20260210_perf004_flow_20260210_lbrzzn_success.json,flow_20260210_lbrzzn,0.02186890
C:\Users\katie\Downloads\ai01-3rd-3team-1\logs\real_human\20260210_perf004_flow_20260210_lr1ggo_success.json,flow_20260210_lr1ggo,0.05873012
C:\Users\katie\Downloads\ai01-3rd-3team-1\logs\real_human\20260210_perf004_flow_20260210_ltqbpe_success.json,flow_20260210_ltqbpe,0.09681118
C:\Users\katie\Downloads\ai01-3rd-3team-1\logs\real_human\20260210_perf004_flow_20260210_m4hic6_success.json,flow_20260210_m4hic6,0.16031435
C:\Users\katie\Downloads\ai01-3rd-3team-1\logs\real_human\20260210_perf004_flow_20260210_m6lzi1_success.json,flow_20260210_m6lzi1,0.15712645
C:\Users\katie\Downloads\ai01-3rd-3team-1\logs\real_human\20260210_perf004_flow_20260210_mb8zvu_success.json,flow_20260210_mb8zvu,0.05124010
C:\Users\katie\Downloads\ai01-3rd-3team-1\logs\real_human\20260210_perf004_flow_20260210_n45yp9_success.json,flow_20260210_n45yp9,0.05239328
C:\Users\katie\Downloads\ai01-3rd-3team-1\logs\real_human\20260210_perf004_flow_20260210_ndre3v_success.json,flow_20260210_ndre3v,0.16678499
C:\Users\katie\Downloads\ai01-3rd-3team-1\logs\real_human\20260210_perf004_flow_20260210_nlvdbe_success.json,flow_20260210_nlvdbe,0.08489888
C:\Users\katie\Downloads\ai01-3rd-3team-1\logs\real_human\20260210_perf004_flow_20260210_ohjmov_success.json,flow_20260210_ohjmov,0.16763831
C:\Users\katie\Downloads\ai01-3rd-3team-1\logs\real_human\20260210_perf004_flow_20260210_oufe95_success.json,flow_20260210_oufe95,0.05035136
C:\Users\katie\Downloads\ai01-3rd-3team-1\logs\real_human\20260210_perf004_flow_20260210_pg0th4_success.json,flow_20260210_pg0th4,0.02193520
C:\Users\katie\Downloads\ai01-3rd-3team-1\logs\real_human\20260210_perf004_flow_20260210_qfh574_success.json,flow_20260210_qfh574,0.03155098
C:\Users\katie\Downloads\ai01-3rd-3team-1\logs\real_human\20260210_perf004_flow_20260210_qgrduh_success.json,flow_20260210_qgrduh,0.04047901
C:\Users\katie\Downloads\ai01-3rd-3team-1\logs\real_human\20260210_perf004_flow_20260210_qprkvu_success.json,flow_20260210_qprkvu,0.22497727
C:\Users\katie\Downloads\ai01-3rd-3team-1\logs\real_human\20260210_perf004_flow_20260210_reg3gq_success.json,flow_20260210_reg3gq,0.10486061
C:\Users\katie\Downloads\ai01-3rd-3team-1\logs\real_human\20260210_perf004_flow_20260210_rhmlje_success.json,flow_20260210_rhmlje,0.09181472
C:\Users\katie\Downloads\ai01-3rd-3team-1\logs\real_human\20260210_perf004_flow_20260210_rn6ezo_success.json,flow_20260210_rn6ezo,0.04158930
C:\Users\katie\Downloads\ai01-3rd-3team-1\logs\real_human\20260210_perf004_flow_20260210_rwyude_success.json,flow_20260210_rwyude,0.10265398
C:\Users\katie\Downloads\ai01-3rd-3team-1\logs\real_human\20260210_perf004_flow_20260210_scprl9_success.json,flow_20260210_scprl9,0.12579418
C:\Users\katie\Downloads\ai01-3rd-3team-1\logs\real_human\20260210_perf004_flow_20260210_sd59b0_success.json,flow_20260210_sd59b0,0.04435719
C:\Users\katie\Downloads\ai01-3rd-3team-1\logs\real_human\20260210_perf004_flow_20260210_sl8q4p_success.json,flow_20260210_sl8q4p,0.14416974
C:\Users\katie\Downloads\ai01-3rd-3team-1\logs\real_human\20260210_perf004_flow_20260210_sr4is3_success.json,flow_20260210_sr4is3,0.06289990
C:\Users\katie\Downloads\ai01-3rd-3team-1\logs\real_human\20260210_perf004_flow_20260210_ssyp9x_success.json,flow_20260210_ssyp9x,0.14990808
C:\Users\katie\Downloads\ai01-3rd-3team-1\logs\real_human\20260210_perf004_flow_20260210_stq55w_success.json,flow_20260210_stq55w,0.10331075
C:\Users\katie\Downloads\ai01-3rd-3team-1\logs\real_human\20260210_perf004_flow_20260210_szxw9q_success.json,flow_20260210_szxw9q,0.06079695
C:\Users\katie\Downloads\ai01-3rd-3team-1\logs\real_human\20260210_perf004_flow_20260210_tebe16_success.json,flow_20260210_tebe16,0.11755142
C:\Users\katie\Downloads\ai01-3rd-3team-1\logs\real_human\20260210_perf004_flow_20260210_thtcbk_success.json,flow_20260210_thtcbk,0.12322781
C:\Users\katie\Downloads\ai01-3rd-3team-1\logs\real_human\20260210_perf004_flow_20260210_tigmwj_success.json,flow_20260210_tigmwj,0.04956208
C:\Users\katie\Downloads\ai01-3rd-3team-1\logs\real_human\20260210_perf004_flow_20260210_tp7a2q_success.json,flow_20260210_tp7a2q,0.06567112
C:\Users\katie\Downloads\ai01-3rd-3team-1\logs\real_human\20260210_perf004_flow_20260210_u01y3y_success.json,flow_20260210_u01y3y,0.04117478
C:\Users\katie\Downloads\ai01-3rd-3team-1\logs\real_human\20260210_perf004_flow_20260210_uh3gj9_success.json,flow_20260210_uh3gj9,0.14512891
C:\Users\katie\Downloads\ai01-3rd-3team-1\logs\real_human\20260210_perf004_flow_20260210_uhns6y_success.json,flow_20260210_uhns6y,0.05186143
C:\Users\katie\Downloads\ai01-3rd-3team-1\logs\real_human\20260210_perf004_flow_20260210_urcxfz_success.json,flow_20260210_urcxfz,0.08309025
C:\Users\katie\Downloads\ai01-3rd-3team-1\logs\real_human\20260210_perf004_flow_20260210_uvmr9w_success.json,flow_20260210_uvmr9w,0.11770571
C:\Users\katie\Downloads\ai01-3rd-3team-1\logs\real_human\20260210_perf004_flow_20260210_vkboy0_success.json,flow_20260210_vkboy0,0.03749401
C:\Users\katie\Downloads\ai01-3rd-3team-1\logs\real_human\20260210_perf004_flow_20260210_vm6dby_success.json,flow_20260210_vm6dby,0.06169888
C:\Users\katie\Downloads\ai01-3rd-3team-1\logs\real_human\20260210_perf004_flow_20260210_w96ztj_success.json,flow_20260210_w96ztj,0.04102396
C:\Users\katie\Downloads\ai01-3rd-3team-1\logs\real_human\20260210_perf004_flow_20260210_x98sas_success.json,flow_20260210_x98sas,0.06869851
C:\Users\katie\Downloads\ai01-3rd-3team-1\logs\real_human\20260210_perf004_flow_20260210_yh3nhn_success.json,flow_20260210_yh3nhn,0.10860393
C:\Users\katie\Downloads\ai01-3rd-3team-1\logs\real_human\20260210_perf004_flow_20260210_ykyqvs_success.json,flow_20260210_ykyqvs,0.07578028
C:\Users\katie\Downloads\ai01-3rd-3team-1\logs\real_human\20260210_perf004_flow_20260210_yrllo3_success.json,flow_20260210_yrllo3,0.05424192
C:\Users\katie\Downloads\ai01-3rd-3team-1\logs\real_human\20260210_perf004_flow_20260210_yvxtfw_success.json,flow_20260210_yvxtfw,0.42408324
C:\Users\katie\Downloads\ai01-3rd-3team-1\logs\real_human\20260210_perf004_flow_20260210_zazc7c_success.json,flow_20260210_zazc7c,0.00000000
C:\Users\katie\Downloads\ai01-3rd-3team-1\logs\real_human\20260210_perf004_flow_20260210_zofurs_success.json,flow_20260210_zofurs,0.04045955
C:\Users\katie\Downloads\ai01-3rd-3team-1\logs\real_human\20260210_perf004_flow_20260210_zqm8c6_success.json,flow_20260210_zqm8c6,0.09669480
C:\Users\katie\Downloads\ai01-3rd-3team-1\logs\real_human\20260210_perf004_flow_20260210_zs3dkz_success.json,flow_20260210_zs3dkz,0.15299859
C:\Users\katie\Downloads\ai01-3rd-3team-1\logs\real_human\20260210_perf005_flow_20260210_1lu4a8_success.json,flow_20260210_1lu4a8,0.05654823
C:\Users\katie\Downloads\ai01-3rd-3team-1\logs\real_human\20260210_perf005_flow_20260210_52h1pn_success.json,flow_20260210_52h1pn,0.06700950
C:\Users\katie\Downloads\ai01-3rd-3team-1\logs\real_human\20260210_perf005_flow_20260210_611ho6_success.json,flow_20260210_611ho6,0.09682801
C:\Users\katie\Downloads\ai01-3rd-3team-1\logs\real_human\20260210_perf005_flow_20260210_6akcar_success.json,flow_20260210_6akcar,0.03531801
C:\Users\katie\Downloads\ai01-3rd-3team-1\logs\real_human\20260210_perf005_flow_20260210_6f24ps_success.json,flow_20260210_6f24ps,0.06426966
C:\Users\katie\Downloads\ai01-3rd-3team-1\logs\real_human\20260210_perf005_flow_20260210_6jsg8t_success.json,flow_20260210_6jsg8t,0.11649073
C:\Users\katie\Downloads\ai01-3rd-3team-1\logs\real_human\20260210_perf005_flow_20260210_7jx31s_success.json,flow_20260210_7jx31s,0.09676060
C:\Users\katie\Downloads\ai01-3rd-3team-1\logs\real_human\20260210_perf005_flow_20260210_85kh9z_success.json,flow_20260210_85kh9z,0.05333575
C:\Users\katie\Downloads\ai01-3rd-3team-1\logs\real_human\20260210_perf005_flow_20260210_b8j9li_success.json,flow_20260210_b8j9li,0.07604096
C:\Users\katie\Downloads\ai01-3rd-3team-1\logs\real_human\20260210_perf005_flow_20260210_duk1a2_success.json,flow_20260210_duk1a2,0.09006543
C:\Users\katie\Downloads\ai01-3rd-3team-1\logs\real_human\20260210_perf005_flow_20260210_e2gzui_success.json,flow_20260210_e2gzui,0.14796707
C:\Users\katie\Downloads\ai01-3rd-3team-1\logs\real_human\20260210_perf005_flow_20260210_hgyzkq_success.json,flow_20260210_hgyzkq,0.07700821
C:\Users\katie\Downloads\ai01-3rd-3team-1\logs\real_human\20260210_perf005_flow_20260210_ijs5ww_success.json,flow_20260210_ijs5ww,0.14707345
C:\Users\katie\Downloads\ai01-3rd-3team-1\logs\real_human\20260210_perf005_flow_20260210_k9n6rh_success.json,flow_20260210_k9n6rh,0.07785905
C:\Users\katie\Downloads\ai01-3rd-3team-1\logs\real_human\20260210_perf005_flow_20260210_kflbji_success.json,flow_20260210_kflbji,0.03399344
C:\Users\katie\Downloads\ai01-3rd-3team-1\logs\real_human\20260210_perf005_flow_20260210_m43y95_success.json,flow_20260210_m43y95,0.10061369
C:\Users\katie\Downloads\ai01-3rd-3team-1\logs\real_human\20260210_perf005_flow_20260210_nc6nz0_success.json,flow_20260210_nc6nz0,0.08305538
C:\Users\katie\Downloads\ai01-3rd-3team-1\logs\real_human\20260210_perf005_flow_20260210_nol582_success.json,flow_20260210_nol582,0.05103003
C:\Users\katie\Downloads\ai01-3rd-3team-1\logs\real_human\20260210_perf005_flow_20260210_rvlfyf_success.json,flow_20260210_rvlfyf,0.06549613
C:\Users\katie\Downloads\ai01-3rd-3team-1\logs\real_human\20260210_perf005_flow_20260210_tsl2pk_success.json,flow_20260210_tsl2pk,0.09561515
C:\Users\katie\Downloads\ai01-3rd-3team-1\logs\real_human\20260210_perf005_flow_20260210_ube5kb_success.json,flow_20260210_ube5kb,0.05675934
C:\Users\katie\Downloads\ai01-3rd-3team-1\logs\real_human\20260210_perf005_flow_20260210_xvobg5_success.json,flow_20260210_xvobg5,0.10594769
C:\Users\katie\Downloads\ai01-3rd-3team-1\logs\real_human\20260210_perf005_flow_20260210_y24ln2_success.json,flow_20260210_y24ln2,0.08366112
C:\Users\katie\Downloads\ai01-3rd-3team-1\logs\real_human\20260210_perf006_flow_20260210_1cqeyt_success.json,flow_20260210_1cqeyt,0.04362382
C:\Users\katie\Downloads\ai01-3rd-3team-1\logs\real_human\20260210_perf006_flow_20260210_1qbcka_success.json,flow_20260210_1qbcka,0.15836386
C:\Users\katie\Downloads\ai01-3rd-3team-1\logs\real_human\20260210_perf006_flow_20260210_77bgga_success.json,flow_20260210_77bgga,0.26795976
C:\Users\katie\Downloads\ai01-3rd-3team-1\logs\real_human\20260210_perf006_flow_20260210_7mfsfi_success.json,flow_20260210_7mfsfi,0.09944288
C:\Users\katie\Downloads\ai01-3rd-3team-1\logs\real_human\20260210_perf006_flow_20260210_a7d51h_success.json,flow_20260210_a7d51h,0.09706069
C:\Users\katie\Downloads\ai01-3rd-3team-1\logs\real_human\20260210_perf006_flow_20260210_ahevjz_success.json,flow_20260210_ahevjz,0.06724074
C:\Users\katie\Downloads\ai01-3rd-3team-1\logs\real_human\20260210_perf006_flow_20260210_bhgom3_success.json,flow_20260210_bhgom3,0.07663229
C:\Users\katie\Downloads\ai01-3rd-3team-1\logs\real_human\20260210_perf006_flow_20260210_ebn1wt_success.json,flow_20260210_ebn1wt,0.07405318
C:\Users\katie\Downloads\ai01-3rd-3team-1\logs\real_human\20260210_perf006_flow_20260210_er1vpg_success.json,flow_20260210_er1vpg,0.12229753
C:\Users\katie\Downloads\ai01-3rd-3team-1\logs\real_human\20260210_perf006_flow_20260210_g9xbex_success.json,flow_20260210_g9xbex,0.13337598
C:\Users\katie\Downloads\ai01-3rd-3team-1\logs\real_human\20260210_perf006_flow_20260210_ggek2l_success.json,flow_20260210_ggek2l,0.25718554
C:\Users\katie\Downloads\ai01-3rd-3team-1\logs\real_human\20260210_perf006_flow_20260210_mk6ism_success.json,flow_20260210_mk6ism,0.06805340
C:\Users\katie\Downloads\ai01-3rd-3team-1\logs\real_human\20260210_perf006_flow_20260210_p12ukb_success.json,flow_20260210_p12ukb,0.06263681
C:\Users\katie\Downloads\ai01-3rd-3team-1\logs\real_human\20260210_perf006_flow_20260210_tcycgq_success.json,flow_20260210_tcycgq,0.05618060
C:\Users\katie\Downloads\ai01-3rd-3team-1\logs\real_human\20260210_perf006_flow_20260210_xc5qz2_success.json,flow_20260210_xc5qz2,0.03286293
C:\Users\katie\Downloads\ai01-3rd-3team-1\logs\real_human\20260211_perf001_flow_20260211_1imofh_success.json,flow_20260211_1imofh,0.07555091
C:\Users\katie\Downloads\ai01-3rd-3team-1\logs\real_human\20260211_perf001_flow_20260211_1w36yh_success.json,flow_20260211_1w36yh,0.09962529
C:\Users\katie\Downloads\ai01-3rd-3team-1\logs\real_human\20260211_perf001_flow_20260211_3n0p04_success.json,flow_20260211_3n0p04,0.11795451
C:\Users\katie\Downloads\ai01-3rd-3team-1\logs\real_human\20260211_perf001_flow_20260211_6yz1zp_success.json,flow_20260211_6yz1zp,0.09756238
C:\Users\katie\Downloads\ai01-3rd-3team-1\logs\real_human\20260211_perf001_flow_20260211_76wk6m_success.json,flow_20260211_76wk6m,0.06632734
C:\Users\katie\Downloads\ai01-3rd-3team-1\logs\real_human\20260211_perf001_flow_20260211_90lcrw_success.json,flow_20260211_90lcrw,0.11026347
C:\Users\katie\Downloads\ai01-3rd-3team-1\logs\real_human\20260211_perf001_flow_20260211_9ue46t_success.json,flow_20260211_9ue46t,0.04720953
C:\Users\katie\Downloads\ai01-3rd-3team-1\logs\real_human\20260211_perf001_flow_20260211_beua92_success.json,flow_20260211_beua92,0.10094813
C:\Users\katie\Downloads\ai01-3rd-3team-1\logs\real_human\20260211_perf001_flow_20260211_cxytgn_success.json,flow_20260211_cxytgn,0.12962576
C:\Users\katie\Downloads\ai01-3rd-3team-1\logs\real_human\20260211_perf001_flow_20260211_eq7yww_success.json,flow_20260211_eq7yww,0.10366284
C:\Users\katie\Downloads\ai01-3rd-3team-1\logs\real_human\20260211_perf001_flow_20260211_eyh81l_success.json,flow_20260211_eyh81l,0.07540365
C:\Users\katie\Downloads\ai01-3rd-3team-1\logs\real_human\20260211_perf001_flow_20260211_gln523_success.json,flow_20260211_gln523,0.09153002
C:\Users\katie\Downloads\ai01-3rd-3team-1\logs\real_human\20260211_perf001_flow_20260211_oaqaeu_success.json,flow_20260211_oaqaeu,0.07074445
C:\Users\katie\Downloads\ai01-3rd-3team-1\logs\real_human\20260211_perf001_flow_20260211_s8f996_success.json,flow_20260211_s8f996,0.05704210
C:\Users\katie\Downloads\ai01-3rd-3team-1\logs\real_human\20260211_perf001_flow_20260211_sljhcu_success.json,flow_20260211_sljhcu,0.04878321
C:\Users\katie\Downloads\ai01-3rd-3team-1\logs\real_human\20260211_perf001_flow_20260211_t81vux_success.json,flow_20260211_t81vux,0.09011095
C:\Users\katie\Downloads\ai01-3rd-3team-1\logs\real_human\20260211_perf001_flow_20260211_wvk69a_success.json,flow_20260211_wvk69a,0.10291339
C:\Users\katie\Downloads\ai01-3rd-3team-1\logs\real_human\20260211_perf002_flow_20260211_3q07f7_success.json,flow_20260211_3q07f7,0.19297859
C:\Users\katie\Downloads\ai01-3rd-3team-1\logs\real_human\20260211_perf002_flow_20260211_49yiay_success.json,flow_20260211_49yiay,0.10138999
C:\Users\katie\Downloads\ai01-3rd-3team-1\logs\real_human\20260211_perf002_flow_20260211_4i3du7_success.json,flow_20260211_4i3du7,0.05228491
C:\Users\katie\Downloads\ai01-3rd-3team-1\logs\real_human\20260211_perf002_flow_20260211_6qsxky_success.json,flow_20260211_6qsxky,0.10832582
C:\Users\katie\Downloads\ai01-3rd-3team-1\logs\real_human\20260211_perf002_flow_20260211_9hfyv6_success.json,flow_20260211_9hfyv6,0.16712909
C:\Users\katie\Downloads\ai01-3rd-3team-1\logs\real_human\20260211_perf002_flow_20260211_cpwaqn_success.json,flow_20260211_cpwaqn,0.06986137
C:\Users\katie\Downloads\ai01-3rd-3team-1\logs\real_human\20260211_perf002_flow_20260211_csikm7_success.json,flow_20260211_csikm7,0.09612198
C:\Users\katie\Downloads\ai01-3rd-3team-1\logs\real_human\20260211_perf002_flow_20260211_d0zpsc_success.json,flow_20260211_d0zpsc,0.08118282
C:\Users\katie\Downloads\ai01-3rd-3team-1\logs\real_human\20260211_perf002_flow_20260211_e149fu_success.json,flow_20260211_e149fu,0.09717933
C:\Users\katie\Downloads\ai01-3rd-3team-1\logs\real_human\20260211_perf002_flow_20260211_lt6dlp_success.json,flow_20260211_lt6dlp,0.10395018
C:\Users\katie\Downloads\ai01-3rd-3team-1\logs\real_human\20260211_perf002_flow_20260211_nodh5u_success.json,flow_20260211_nodh5u,0.12393257
C:\Users\katie\Downloads\ai01-3rd-3team-1\logs\real_human\20260211_perf002_flow_20260211_qzf159_success.json,flow_20260211_qzf159,0.06386561
C:\Users\katie\Downloads\ai01-3rd-3team-1\logs\real_human\20260211_perf002_flow_20260211_ryj27x_success.json,flow_20260211_ryj27x,0.15208260
C:\Users\katie\Downloads\ai01-3rd-3team-1\logs\real_human\20260211_perf002_flow_20260211_tvt0zr_success.json,flow_20260211_tvt0zr,0.12242001
C:\Users\katie\Downloads\ai01-3rd-3team-1\logs\real_human\20260211_perf002_flow_20260211_uyasfs_success.json,flow_20260211_uyasfs,0.09273163
C:\Users\katie\Downloads\ai01-3rd-3team-1\logs\real_human\20260211_perf002_flow_20260211_xjh7dz_success.json,flow_20260211_xjh7dz,0.07598465
C:\Users\katie\Downloads\ai01-3rd-3team-1\logs\real_human\20260211_perf003_flow_20260211_2852t2_success.json,flow_20260211_2852t2,0.07799754
C:\Users\katie\Downloads\ai01-3rd-3team-1\logs\real_human\20260211_perf003_flow_20260211_2bisfh_success.json,flow_20260211_2bisfh,0.16253606
C:\Users\katie\Downloads\ai01-3rd-3team-1\logs\real_human\20260211_perf003_flow_20260211_5q5lwt_success.json,flow_20260211_5q5lwt,0.07497918
C:\Users\katie\Downloads\ai01-3rd-3team-1\logs\real_human\20260211_perf003_flow_20260211_7n5d8s_success.json,flow_20260211_7n5d8s,0.15624664
C:\Users\katie\Downloads\ai01-3rd-3team-1\logs\real_human\20260211_perf003_flow_20260211_foznbx_success.json,flow_20260211_foznbx,0.08661638
C:\Users\katie\Downloads\ai01-3rd-3team-1\logs\real_human\20260211_perf003_flow_20260211_gfr6zp_success.json,flow_20260211_gfr6zp,0.17420743
C:\Users\katie\Downloads\ai01-3rd-3team-1\logs\real_human\20260211_perf003_flow_20260211_h5h1pe_success.json,flow_20260211_h5h1pe,0.09493130
C:\Users\katie\Downloads\ai01-3rd-3team-1\logs\real_human\20260211_perf003_flow_20260211_hb6196_success.json,flow_20260211_hb6196,0.15618882
C:\Users\katie\Downloads\ai01-3rd-3team-1\logs\real_human\20260211_perf003_flow_20260211_kquzfj_success.json,flow_20260211_kquzfj,0.12661938
C:\Users\katie\Downloads\ai01-3rd-3team-1\logs\real_human\20260211_perf003_flow_20260211_l2al30_success.json,flow_20260211_l2al30,0.11684007
C:\Users\katie\Downloads\ai01-3rd-3team-1\logs\real_human\20260211_perf003_flow_20260211_lbya7j_success.json,flow_20260211_lbya7j,0.09885283
C:\Users\katie\Downloads\ai01-3rd-3team-1\logs\real_human\20260211_perf003_flow_20260211_q9uesd_success.json,flow_20260211_q9uesd,0.09104381
C:\Users\katie\Downloads\ai01-3rd-3team-1\logs\real_human\20260211_perf003_flow_20260211_v76vn5_success.json,flow_20260211_v76vn5,0.09456851
C:\Users\katie\Downloads\ai01-3rd-3team-1\logs\real_human\20260211_perf003_flow_20260211_wkwtl3_success.json,flow_20260211_wkwtl3,0.12255956
C:\Users\katie\Downloads\ai01-3rd-3team-1\logs\real_human\20260211_perf003_flow_20260211_z4ipa5_success.json,flow_20260211_z4ipa5,0.18950117
C:\Users\katie\Downloads\ai01-3rd-3team-1\logs\real_human\20260211_perf004_flow_20260211_54gpag_success.json,flow_20260211_54gpag,0.12850455
C:\Users\katie\Downloads\ai01-3rd-3team-1\logs\real_human\20260211_perf004_flow_20260211_7fhin9_success.json,flow_20260211_7fhin9,0.10999212
C:\Users\katie\Downloads\ai01-3rd-3team-1\logs\real_human\20260211_perf004_flow_20260211_9kmayk_success.json,flow_20260211_9kmayk,0.04551684
C:\Users\katie\Downloads\ai01-3rd-3team-1\logs\real_human\20260211_perf004_flow_20260211_ajjwpn_success.json,flow_20260211_ajjwpn,0.11038302
C:\Users\katie\Downloads\ai01-3rd-3team-1\logs\real_human\20260211_perf004_flow_20260211_ao34nu_success.json,flow_20260211_ao34nu,0.28565050
C:\Users\katie\Downloads\ai01-3rd-3team-1\logs\real_human\20260211_perf004_flow_20260211_dety5r_success.json,flow_20260211_dety5r,0.07459908
C:\Users\katie\Downloads\ai01-3rd-3team-1\logs\real_human\20260211_perf004_flow_20260211_dkzu9x_success.json,flow_20260211_dkzu9x,0.09632628
C:\Users\katie\Downloads\ai01-3rd-3team-1\logs\real_human\20260211_perf004_flow_20260211_dx8thl_success.json,flow_20260211_dx8thl,0.11210962
C:\Users\katie\Downloads\ai01-3rd-3team-1\logs\real_human\20260211_perf004_flow_20260211_dxpw4t_success.json,flow_20260211_dxpw4t,0.10559032
C:\Users\katie\Downloads\ai01-3rd-3team-1\logs\real_human\20260211_perf004_flow_20260211_k4y6dl_success.json,flow_20260211_k4y6dl,0.05879261
C:\Users\katie\Downloads\ai01-3rd-3team-1\logs\real_human\20260211_perf004_flow_20260211_og0j1s_success.json,flow_20260211_og0j1s,0.07727638
C:\Users\katie\Downloads\ai01-3rd-3team-1\logs\real_human\20260211_perf004_flow_20260211_p8azot_success.json,flow_20260211_p8azot,0.06454808
C:\Users\katie\Downloads\ai01-3rd-3team-1\logs\real_human\20260211_perf004_flow_20260211_pcmk63_success.json,flow_20260211_pcmk63,0.06569369
C:\Users\katie\Downloads\ai01-3rd-3team-1\logs\real_human\20260211_perf004_flow_20260211_tv4yfs_success.json,flow_20260211_tv4yfs,0.10619737
C:\Users\katie\Downloads\ai01-3rd-3team-1\logs\real_human\20260211_perf004_flow_20260211_u42oif_success.json,flow_20260211_u42oif,0.12026103
C:\Users\katie\Downloads\ai01-3rd-3team-1\logs\real_human\20260211_perf004_flow_20260211_wgagva_success.json,flow_20260211_wgagva,0.09834223
C:\Users\katie\Downloads\ai01-3rd-3team-1\logs\real_human\20260211_perf005_flow_20260211_7yh3oy_success.json,flow_20260211_7yh3oy,0.07918571
C:\Users\katie\Downloads\ai01-3rd-3team-1\logs\real_human\20260211_perf005_flow_20260211_b37p1z_success.json,flow_20260211_b37p1z,0.04759580
C:\Users\katie\Downloads\ai01-3rd-3team-1\logs\real_human\20260211_perf005_flow_20260211_fdnbk0_success.json,flow_20260211_fdnbk0,0.05243830
C:\Users\katie\Downloads\ai01-3rd-3team-1\logs\real_human\20260211_perf005_flow_20260211_j7y1f6_success.json,flow_20260211_j7y1f6,0.17992940
C:\Users\katie\Downloads\ai01-3rd-3team-1\logs\real_human\20260211_perf005_flow_20260211_khsak0_success.json,flow_20260211_khsak0,0.09464332
C:\Users\katie\Downloads\ai01-3rd-3team-1\logs\real_human\20260211_perf005_flow_20260211_lpg7iv_success.json,flow_20260211_lpg7iv,0.23650011
C:\Users\katie\Downloads\ai01-3rd-3team-1\logs\real_human\20260211_perf005_flow_20260211_m4nunl_success.json,flow_20260211_m4nunl,0.11705512
C:\Users\katie\Downloads\ai01-3rd-3team-1\logs\real_human\20260211_perf005_flow_20260211_nl72y5_success.json,flow_20260211_nl72y5,0.07957307
C:\Users\katie\Downloads\ai01-3rd-3team-1\logs\real_human\20260211_perf005_flow_20260211_robe89_success.json,flow_20260211_robe89,0.06008052
C:\Users\katie\Downloads\ai01-3rd-3team-1\logs\real_human\20260211_perf005_flow_20260211_s5dysh_success.json,flow_20260211_s5dysh,0.08155634
C:\Users\katie\Downloads\ai01-3rd-3team-1\logs\real_human\20260211_perf005_flow_20260211_uluyxt_success.json,flow_20260211_uluyxt,0.06065778
C:\Users\katie\Downloads\ai01-3rd-3team-1\logs\real_human\20260211_perf005_flow_20260211_w77v6g_success.json,flow_20260211_w77v6g,0.08705871
C:\Users\katie\Downloads\ai01-3rd-3team-1\logs\real_human\20260211_perf006_flow_20260211_1uphrh_success.json,flow_20260211_1uphrh,0.07045039
C:\Users\katie\Downloads\ai01-3rd-3team-1\logs\real_human\20260211_perf006_flow_20260211_3ivs4z_success.json,flow_20260211_3ivs4z,0.10658006
C:\Users\katie\Downloads\ai01-3rd-3team-1\logs\real_human\20260211_perf006_flow_20260211_3j3p1o_success.json,flow_20260211_3j3p1o,0.08130496
C:\Users\katie\Downloads\ai01-3rd-3team-1\logs\real_human\20260211_perf006_flow_20260211_4mlk48_success.json,flow_20260211_4mlk48,0.14557851
C:\Users\katie\Downloads\ai01-3rd-3team-1\logs\real_human\20260211_perf006_flow_20260211_4p0b0z_success.json,flow_20260211_4p0b0z,0.08509182
C:\Users\katie\Downloads\ai01-3rd-3team-1\logs\real_human\20260211_perf006_flow_20260211_8jfxya_success.json,flow_20260211_8jfxya,0.10477214
C:\Users\katie\Downloads\ai01-3rd-3team-1\logs\real_human\20260211_perf006_flow_20260211_8trvro_success.json,flow_20260211_8trvro,0.10149318
C:\Users\katie\Downloads\ai01-3rd-3team-1\logs\real_human\20260211_perf006_flow_20260211_9u6esq_success.json,flow_20260211_9u6esq,0.13497315
C:\Users\katie\Downloads\ai01-3rd-3team-1\logs\real_human\20260211_perf006_flow_20260211_h8av2i_success.json,flow_20260211_h8av2i,0.06766250
C:\Users\katie\Downloads\ai01-3rd-3team-1\logs\real_human\20260211_perf006_flow_20260211_hdzdfa_success.json,flow_20260211_hdzdfa,0.24854658
C:\Users\katie\Downloads\ai01-3rd-3team-1\logs\real_human\20260211_perf006_flow_20260211_i030pw_success.json,flow_20260211_i030pw,0.09161829
C:\Users\katie\Downloads\ai01-3rd-3team-1\logs\real_human\20260211_perf006_flow_20260211_jrrse1_success.json,flow_20260211_jrrse1,0.06470386
C:\Users\katie\Downloads\ai01-3rd-3team-1\logs\real_human\20260211_perf006_flow_20260211_nz05ci_success.json,flow_20260211_nz05ci,0.16467283
C:\Users\katie\Downloads\ai01-3rd-3team-1\logs\real_human\20260211_perf006_flow_20260211_uyp989_success.json,flow_20260211_uyp989,0.11256218
C:\Users\katie\Downloads\ai01-3rd-3team-1\logs\real_human\20260211_perf006_flow_20260211_v86iaa_success.json,flow_20260211_v86iaa,0.08512280
C:\Users\katie\Downloads\ai01-3rd-3team-1\logs\real_human\20260211_perf006_flow_20260211_x3vrxd_success.json,flow_20260211_x3vrxd,0.10699576
C:\Users\katie\Downloads\ai01-3rd-3team-1\logs\real_human\20260211_perf006_flow_20260211_x93xfm_success.json,flow_20260211_x93xfm,0.14862496
C:\Users\katie\Downloads\ai01-3rd-3team-1\logs\real_human\20260211_perf007_flow_20260211_4zr3kh_success.json,flow_20260211_4zr3kh,0.09234806
C:\Users\katie\Downloads\ai01-3rd-3team-1\logs\real_human\20260211_perf007_flow_20260211_6zu81v_success.json,flow_20260211_6zu81v,0.07946135
C:\Users\katie\Downloads\ai01-3rd-3team-1\logs\real_human\20260211_perf007_flow_20260211_e2rvee_success.json,flow_20260211_e2rvee,0.16104575
C:\Users\katie\Downloads\ai01-3rd-3team-1\logs\real_human\20260211_perf007_flow_20260211_ejyc15_success.json,flow_20260211_ejyc15,0.03377402
C:\Users\katie\Downloads\ai01-3rd-3team-1\logs\real_human\20260211_perf007_flow_20260211_irmby0_success.json,flow_20260211_irmby0,0.08506490
C:\Users\katie\Downloads\ai01-3rd-3team-1\logs\real_human\20260211_perf007_flow_20260211_jduo9j_success.json,flow_20260211_jduo9j,0.09089163
C:\Users\katie\Downloads\ai01-3rd-3team-1\logs\real_human\20260211_perf007_flow_20260211_qq5re4_success.json,flow_20260211_qq5re4,0.08705638
C:\Users\katie\Downloads\ai01-3rd-3team-1\logs\real_human\20260211_perf007_flow_20260211_rh1upm_success.json,flow_20260211_rh1upm,0.06879545
C:\Users\katie\Downloads\ai01-3rd-3team-1\logs\real_human\20260211_perf007_flow_20260211_vscewr_success.json,flow_20260211_vscewr,0.10588322
C:\Users\katie\Downloads\ai01-3rd-3team-1\logs\real_human\20260211_perf007_flow_20260211_xbqiat_success.json,flow_20260211_xbqiat,0.10630137
C:\Users\katie\Downloads\ai01-3rd-3team-1\logs\real_human\20260211_perf007_flow_20260211_zwlr0x_success.json,flow_20260211_zwlr0x,0.06655410
C:\Users\katie\Downloads\ai01-3rd-3team-1\logs\real_human\20260211_perf008_flow_20260211_3f59an_success.json,flow_20260211_3f59an,0.16082349
C:\Users\katie\Downloads\ai01-3rd-3team-1\logs\real_human\20260211_perf008_flow_20260211_3tssnl_success.json,flow_20260211_3tssnl,0.09901194
C:\Users\katie\Downloads\ai01-3rd-3team-1\logs\real_human\20260211_perf008_flow_20260211_3u2ljj_success.json,flow_20260211_3u2ljj,0.12121295
C:\Users\katie\Downloads\ai01-3rd-3team-1\logs\real_human\20260211_perf008_flow_20260211_agu0qt_success.json,flow_20260211_agu0qt,0.08912895
C:\Users\katie\Downloads\ai01-3rd-3team-1\logs\real_human\20260211_perf008_flow_20260211_fevquw_success.json,flow_20260211_fevquw,0.10035972
C:\Users\katie\Downloads\ai01-3rd-3team-1\logs\real_human\20260211_perf008_flow_20260211_huyuj7_success.json,flow_20260211_huyuj7,0.05750177
C:\Users\katie\Downloads\ai01-3rd-3team-1\logs\real_human\20260211_perf008_flow_20260211_i3b0ia_success.json,flow_20260211_i3b0ia,0.07946025
C:\Users\katie\Downloads\ai01-3rd-3team-1\logs\real_human\20260211_perf008_flow_20260211_k4ey0c_success.json,flow_20260211_k4ey0c,0.05927194
C:\Users\katie\Downloads\ai01-3rd-3team-1\logs\real_human\20260211_perf008_flow_20260211_mkkxv3_success.json,flow_20260211_mkkxv3,0.09658125
C:\Users\katie\Downloads\ai01-3rd-3team-1\logs\real_human\20260211_perf008_flow_20260211_p1hjre_success.json,flow_20260211_p1hjre,0.08163095
C:\Users\katie\Downloads\ai01-3rd-3team-1\logs\real_human\20260211_perf008_flow_20260211_qnfr34_success.json,flow_20260211_qnfr34,0.07813346
C:\Users\katie\Downloads\ai01-3rd-3team-1\logs\real_human\20260211_perf008_flow_20260211_s76xp7_success.json,flow_20260211_s76xp7,0.10697360
C:\Users\katie\Downloads\ai01-3rd-3team-1\logs\real_human\20260211_perf008_flow_20260211_uibg81_success.json,flow_20260211_uibg81,0.05716807
C:\Users\katie\Downloads\ai01-3rd-3team-1\logs\real_human\20260211_perf009_flow_20260211_1kow1b_success.json,flow_20260211_1kow1b,0.06712642
C:\Users\katie\Downloads\ai01-3rd-3team-1\logs\real_human\20260211_perf009_flow_20260211_23ux8t_success.json,flow_20260211_23ux8t,0.07100791
C:\Users\katie\Downloads\ai01-3rd-3team-1\logs\real_human\20260211_perf009_flow_20260211_3lebkx_success.json,flow_20260211_3lebkx,0.11632526
C:\Users\katie\Downloads\ai01-3rd-3team-1\logs\real_human\20260211_perf009_flow_20260211_4a3q8i_success.json,flow_20260211_4a3q8i,0.06944390
C:\Users\katie\Downloads\ai01-3rd-3team-1\logs\real_human\20260211_perf009_flow_20260211_4kdw7f_success.json,flow_20260211_4kdw7f,0.11410621
C:\Users\katie\Downloads\ai01-3rd-3team-1\logs\real_human\20260211_perf009_flow_20260211_anj3tt_success.json,flow_20260211_anj3tt,0.22530451
C:\Users\katie\Downloads\ai01-3rd-3team-1\logs\real_human\20260211_perf009_flow_20260211_ctacl5_success.json,flow_20260211_ctacl5,0.06536306
C:\Users\katie\Downloads\ai01-3rd-3team-1\logs\real_human\20260211_perf009_flow_20260211_husaj3_success.json,flow_20260211_husaj3,0.08902457
C:\Users\katie\Downloads\ai01-3rd-3team-1\logs\real_human\20260211_perf009_flow_20260211_hxtqpv_success.json,flow_20260211_hxtqpv,0.10832805
C:\Users\katie\Downloads\ai01-3rd-3team-1\logs\real_human\20260211_perf009_flow_20260211_k0gv5p_success.json,flow_20260211_k0gv5p,0.20001331
C:\Users\katie\Downloads\ai01-3rd-3team-1\logs\real_human\20260211_perf009_flow_20260211_l8erq3_success.json,flow_20260211_l8erq3,0.05044088
C:\Users\katie\Downloads\ai01-3rd-3team-1\logs\real_human\20260211_perf009_flow_20260211_ny60rf_success.json,flow_20260211_ny60rf,0.04172461
C:\Users\katie\Downloads\ai01-3rd-3team-1\logs\real_human\20260211_perf009_flow_20260211_zz13aa_success.json,flow_20260211_zz13aa,0.05950725
C:\Users\katie\Downloads\ai01-3rd-3team-1\logs\real_human\20260211_perf010_flow_20260211_cdjogn_success.json,flow_20260211_cdjogn,0.04385825
C:\Users\katie\Downloads\ai01-3rd-3team-1\logs\real_human\20260211_perf010_flow_20260211_dl7wqa_success.json,flow_20260211_dl7wqa,0.04218817
C:\Users\katie\Downloads\ai01-3rd-3team-1\logs\real_human\20260211_perf010_flow_20260211_f1lr3u_success.json,flow_20260211_f1lr3u,0.08602709
C:\Users\katie\Downloads\ai01-3rd-3team-1\logs\real_human\20260211_perf010_flow_20260211_mtatiq_success.json,flow_20260211_mtatiq,0.06074138
C:\Users\katie\Downloads\ai01-3rd-3team-1\logs\real_human\20260211_perf010_flow_20260211_r3cqxq_success.json,flow_20260211_r3cqxq,0.07223882
C:\Users\katie\Downloads\ai01-3rd-3team-1\logs\real_human\20260211_perf010_flow_20260211_s67fum_success.json,flow_20260211_s67fum,0.11220768
C:\Users\katie\Downloads\ai01-3rd-3team-1\logs\real_human\20260211_perf010_flow_20260211_thvmfx_success.json,flow_20260211_thvmfx,0.11179942
C:\Users\katie\Downloads\ai01-3rd-3team-1\logs\real_human\20260211_perf010_flow_20260211_v95e85_success.json,flow_20260211_v95e85,0.08873317
C:\Users\katie\Downloads\ai01-3rd-3team-1\logs\real_human\20260211_perf010_flow_20260211_vi8zsd_success.json,flow_20260211_vi8zsd,0.09313404
C:\Users\katie\Downloads\ai01-3rd-3team-1\logs\real_human\20260211_perf010_flow_20260211_xs8xi9_success.json,flow_20260211_xs8xi9,0.10978579
C:\Users\katie\Downloads\ai01-3rd-3team-1\logs\real_human\20260211_perf010_flow_20260211_ztgar0_success.json,flow_20260211_ztgar0,0.08169074
C:\Users\katie\Downloads\ai01-3rd-3team-1\logs\real_human\20260211_perf011_flow_20260211_0pap41_success.json,flow_20260211_0pap41,0.11545710
C:\Users\katie\Downloads\ai01-3rd-3team-1\logs\real_human\20260211_perf011_flow_20260211_19qn2c_success.json,flow_20260211_19qn2c,0.08137433
C:\Users\katie\Downloads\ai01-3rd-3team-1\logs\real_human\20260211_perf011_flow_20260211_473oq9_success.json,flow_20260211_473oq9,0.05873479
C:\Users\katie\Downloads\ai01-3rd-3team-1\logs\real_human\20260211_perf011_flow_20260211_d3g40w_success.json,flow_20260211_d3g40w,0.08967967
C:\Users\katie\Downloads\ai01-3rd-3team-1\logs\real_human\20260211_perf011_flow_20260211_d8s1vy_success.json,flow_20260211_d8s1vy,0.15590032
C:\Users\katie\Downloads\ai01-3rd-3team-1\logs\real_human\20260211_perf011_flow_20260211_h90u17_success.json,flow_20260211_h90u17,0.09889438
C:\Users\katie\Downloads\ai01-3rd-3team-1\logs\real_human\20260211_perf011_flow_20260211_ibzk63_success.json,flow_20260211_ibzk63,0.04431014
C:\Users\katie\Downloads\ai01-3rd-3team-1\logs\real_human\20260211_perf011_flow_20260211_imw8n7_success.json,flow_20260211_imw8n7,0.07214117
C:\Users\katie\Downloads\ai01-3rd-3team-1\logs\real_human\20260211_perf011_flow_20260211_oldvy4_success.json,flow_20260211_oldvy4,0.10956879
C:\Users\katie\Downloads\ai01-3rd-3team-1\logs\real_human\20260211_perf011_flow_20260211_s3e0ea_success.json,flow_20260211_s3e0ea,0.09206520
C:\Users\katie\Downloads\ai01-3rd-3team-1\logs\real_human\20260211_perf011_flow_20260211_t11pmu_success.json,flow_20260211_t11pmu,0.08193212
C:\Users\katie\Downloads\ai01-3rd-3team-1\logs\real_human\20260211_perf011_flow_20260211_zxxiw1_success.json,flow_20260211_zxxiw1,0.11653400
C:\Users\katie\Downloads\ai01-3rd-3team-1\logs\real_human\20260211_perf012_flow_20260211_8mnlql_success.json,flow_20260211_8mnlql,0.13155560
C:\Users\katie\Downloads\ai01-3rd-3team-1\logs\real_human\20260211_perf012_flow_20260211_b4144n_success.json,flow_20260211_b4144n,0.06974478
C:\Users\katie\Downloads\ai01-3rd-3team-1\logs\real_human\20260211_perf012_flow_20260211_ccze64_success.json,flow_20260211_ccze64,0.12323532
C:\Users\katie\Downloads\ai01-3rd-3team-1\logs\real_human\20260211_perf012_flow_20260211_hn3597_success.json,flow_20260211_hn3597,0.14788521
C:\Users\katie\Downloads\ai01-3rd-3team-1\logs\real_human\20260211_perf012_flow_20260211_ia171v_success.json,flow_20260211_ia171v,0.14473954
C:\Users\katie\Downloads\ai01-3rd-3team-1\logs\real_human\20260211_perf012_flow_20260211_izenuk_success.json,flow_20260211_izenuk,0.08843849
C:\Users\katie\Downloads\ai01-3rd-3team-1\logs\real_human\20260211_perf012_flow_20260211_l5162f_success.json,flow_20260211_l5162f,0.09468654
C:\Users\katie\Downloads\ai01-3rd-3team-1\logs\real_human\20260211_perf012_flow_20260211_nc0aav_success.json,flow_20260211_nc0aav,0.09085024
C:\Users\katie\Downloads\ai01-3rd-3team-1\logs\real_human\20260211_perf012_flow_20260211_nzqmre_success.json,flow_20260211_nzqmre,0.06446021
C:\Users\katie\Downloads\ai01-3rd-3team-1\logs\real_human\20260211_perf012_flow_20260211_p7fc2l_success.json,flow_20260211_p7fc2l,0.12875690
C:\Users\katie\Downloads\ai01-3rd-3team-1\logs\real_human\20260211_perf012_flow_20260211_pwh9el_success.json,flow_20260211_pwh9el,0.08384888
C:\Users\katie\Downloads\ai01-3rd-3team-1\logs\real_human\20260211_perf012_flow_20260211_u9nn7p_success.json,flow_20260211_u9nn7p,0.13388879
C:\Users\katie\Downloads\ai01-3rd-3team-1\logs\real_human\20260211_perf012_flow_20260211_uhe8v5_success.json,flow_20260211_uhe8v5,0.06816951
C:\Users\katie\Downloads\ai01-3rd-3team-1\logs\real_human\20260211_perf012_flow_20260211_v14hd9_success.json,flow_20260211_v14hd9,0.03549541
C:\Users\katie\Downloads\ai01-3rd-3team-1\logs\real_human\20260211_perf012_flow_20260211_wteetu_success.json,flow_20260211_wteetu,0.21538374
C:\Users\katie\Downloads\ai01-3rd-3team-1\logs\real_human\20260211_perf013_flow_20260211_2gqgmj_success.json,flow_20260211_2gqgmj,0.10561757
C:\Users\katie\Downloads\ai01-3rd-3team-1\logs\real_human\20260211_perf013_flow_20260211_5loigj_success.json,flow_20260211_5loigj,0.11626388
C:\Users\katie\Downloads\ai01-3rd-3team-1\logs\real_human\20260211_perf013_flow_20260211_7w9snp_success.json,flow_20260211_7w9snp,0.14461669
C:\Users\katie\Downloads\ai01-3rd-3team-1\logs\real_human\20260211_perf013_flow_20260211_b5ys4f_success.json,flow_20260211_b5ys4f,0.06413840
C:\Users\katie\Downloads\ai01-3rd-3team-1\logs\real_human\20260211_perf013_flow_20260211_bphov4_success.json,flow_20260211_bphov4,0.09875807
C:\Users\katie\Downloads\ai01-3rd-3team-1\logs\real_human\20260211_perf013_flow_20260211_cpxppa_success.json,flow_20260211_cpxppa,0.13258917
C:\Users\katie\Downloads\ai01-3rd-3team-1\logs\real_human\20260211_perf013_flow_20260211_fql6oy_success.json,flow_20260211_fql6oy,0.08925838
C:\Users\katie\Downloads\ai01-3rd-3team-1\logs\real_human\20260211_perf013_flow_20260211_ncgztz_success.json,flow_20260211_ncgztz,0.07859541
C:\Users\katie\Downloads\ai01-3rd-3team-1\logs\real_human\20260211_perf013_flow_20260211_qncosd_success.json,flow_20260211_qncosd,0.04375607
C:\Users\katie\Downloads\ai01-3rd-3team-1\logs\real_human\20260211_perf013_flow_20260211_qwip5d_success.json,flow_20260211_qwip5d,0.07928148
C:\Users\katie\Downloads\ai01-3rd-3team-1\logs\real_human\20260211_perf013_flow_20260211_vh3wm7_success.json,flow_20260211_vh3wm7,0.14108717
C:\Users\katie\Downloads\ai01-3rd-3team-1\logs\real_human\20260211_perf013_flow_20260211_w148ii_success.json,flow_20260211_w148ii,0.08889595
C:\Users\katie\Downloads\ai01-3rd-3team-1\logs\real_human\20260211_perf014_flow_20260211_0n4q4n_success.json,flow_20260211_0n4q4n,0.09875988
C:\Users\katie\Downloads\ai01-3rd-3team-1\logs\real_human\20260211_perf014_flow_20260211_1ibzbh_success.json,flow_20260211_1ibzbh,0.15257062
C:\Users\katie\Downloads\ai01-3rd-3team-1\logs\real_human\20260211_perf014_flow_20260211_1rpugo_success.json,flow_20260211_1rpugo,0.05139153
C:\Users\katie\Downloads\ai01-3rd-3team-1\logs\real_human\20260211_perf014_flow_20260211_6svids_success.json,flow_20260211_6svids,0.07625183
C:\Users\katie\Downloads\ai01-3rd-3team-1\logs\real_human\20260211_perf014_flow_20260211_88p8mk_success.json,flow_20260211_88p8mk,0.08869775
C:\Users\katie\Downloads\ai01-3rd-3team-1\logs\real_human\20260211_perf014_flow_20260211_e9ov3p_success.json,flow_20260211_e9ov3p,0.12645174
C:\Users\katie\Downloads\ai01-3rd-3team-1\logs\real_human\20260211_perf014_flow_20260211_g9w2f3_success.json,flow_20260211_g9w2f3,0.03751963
C:\Users\katie\Downloads\ai01-3rd-3team-1\logs\real_human\20260211_perf014_flow_20260211_gg8nc6_success.json,flow_20260211_gg8nc6,0.05192512
C:\Users\katie\Downloads\ai01-3rd-3team-1\logs\real_human\20260211_perf014_flow_20260211_oelihr_success.json,flow_20260211_oelihr,0.08185898
C:\Users\katie\Downloads\ai01-3rd-3team-1\logs\real_human\20260211_perf014_flow_20260211_txarhd_success.json,flow_20260211_txarhd,0.11127338
C:\Users\katie\Downloads\ai01-3rd-3team-1\logs\real_human\20260211_perf014_flow_20260211_x0kwmv_success.json,flow_20260211_x0kwmv,0.07381899
C:\Users\katie\Downloads\ai01-3rd-3team-1\logs\real_human\20260211_perf014_flow_20260211_xhbiso_success.json,flow_20260211_xhbiso,0.07261088
C:\Users\katie\Downloads\ai01-3rd-3team-1\logs\real_human\20260211_perf014_flow_20260211_xpqlih_success.json,flow_20260211_xpqlih,0.09885260
C:\Users\katie\Downloads\ai01-3rd-3team-1\logs\real_human\20260211_perf014_flow_20260211_ygvybm_success.json,flow_20260211_ygvybm,0.09202092
C:\Users\katie\Downloads\ai01-3rd-3team-1\logs\real_human\20260211_perf015_flow_20260211_0qo9r3_success.json,flow_20260211_0qo9r3,0.05758579
C:\Users\katie\Downloads\ai01-3rd-3team-1\logs\real_human\20260211_perf015_flow_20260211_1azmu9_success.json,flow_20260211_1azmu9,0.11627015
C:\Users\katie\Downloads\ai01-3rd-3team-1\logs\real_human\20260211_perf015_flow_20260211_2rqt04_success.json,flow_20260211_2rqt04,0.04772492
C:\Users\katie\Downloads\ai01-3rd-3team-1\logs\real_human\20260211_perf015_flow_20260211_7t11eu_success.json,flow_20260211_7t11eu,0.09208852
C:\Users\katie\Downloads\ai01-3rd-3team-1\logs\real_human\20260211_perf015_flow_20260211_8h9kh9_success.json,flow_20260211_8h9kh9,0.10566310
C:\Users\katie\Downloads\ai01-3rd-3team-1\logs\real_human\20260211_perf015_flow_20260211_bnly1e_success.json,flow_20260211_bnly1e,0.14778428
C:\Users\katie\Downloads\ai01-3rd-3team-1\logs\real_human\20260211_perf015_flow_20260211_cnfegp_success.json,flow_20260211_cnfegp,0.17344106
C:\Users\katie\Downloads\ai01-3rd-3team-1\logs\real_human\20260211_perf015_flow_20260211_i3kq91_success.json,flow_20260211_i3kq91,0.05892268
C:\Users\katie\Downloads\ai01-3rd-3team-1\logs\real_human\20260211_perf015_flow_20260211_i5am1q_success.json,flow_20260211_i5am1q,0.14210977
C:\Users\katie\Downloads\ai01-3rd-3team-1\logs\real_human\20260211_perf015_flow_20260211_odjusg_success.json,flow_20260211_odjusg,0.12624505
C:\Users\katie\Downloads\ai01-3rd-3team-1\logs\real_human\20260211_perf015_flow_20260211_rz82tq_success.json,flow_20260211_rz82tq,0.10966439
C:\Users\katie\Downloads\ai01-3rd-3team-1\logs\real_human\20260211_perf015_flow_20260211_v3otrr_success.json,flow_20260211_v3otrr,0.05179698
C:\Users\katie\Downloads\ai01-3rd-3team-1\logs\real_human\20260211_perf015_flow_20260211_zdwec8_success.json,flow_20260211_zdwec8,0.04971834
C:\Users\katie\Downloads\ai01-3rd-3team-1\logs\real_human\20260212_perf001_flow_20260212_0umqz1_success.json,flow_20260212_0umqz1,0.86592990
C:\Users\katie\Downloads\ai01-3rd-3team-1\logs\real_human\20260212_perf002_flow_20260212_mn84nf_success.json,flow_20260212_mn84nf,0.08266290
C:\Users\katie\Downloads\ai01-3rd-3team-1\logs\real_human\20260212_perf002_flow_20260212_w28tga_success.json,flow_20260212_w28tga,0.10400069
C:\Users\katie\Downloads\ai01-3rd-3team-1\logs\real_human\20260212_perf002_flow_20260212_wtihm5_success.json,flow_20260212_wtihm5,0.02368994
C:\Users\katie\Downloads\ai01-3rd-3team-1\logs\real_human\20260212_perf003_flow_20260212_7po7ec_success.json,flow_20260212_7po7ec,0.11938634
C:\Users\katie\Downloads\ai01-3rd-3team-1\logs\real_human\20260212_perf003_flow_20260212_8ut6i5_success.json,flow_20260212_8ut6i5,0.25457017
C:\Users\katie\Downloads\ai01-3rd-3team-1\logs\real_human\20260212_perf003_flow_20260212_ogrjuc_success.json,flow_20260212_ogrjuc,0.28933649
C:\Users\katie\Downloads\ai01-3rd-3team-1\logs\real_human\20260212_perf003_flow_20260212_wu0r9a_success.json,flow_20260212_wu0r9a,0.06022894
C:\Users\katie\Downloads\ai01-3rd-3team-1\logs\real_human\20260212_perf004_flow_20260212_19c593_success.json,flow_20260212_19c593,0.14052139
C:\Users\katie\Downloads\ai01-3rd-3team-1\logs\real_human\20260212_perf004_flow_20260212_k2p1gp_success.json,flow_20260212_k2p1gp,0.07836374
C:\Users\katie\Downloads\ai01-3rd-3team-1\logs\real_human\20260212_perf004_flow_20260212_mdeqkf_success.json,flow_20260212_mdeqkf,0.13519363
C:\Users\katie\Downloads\ai01-3rd-3team-1\logs\real_human\20260212_perf004_flow_20260212_rtx8vb_success.json,flow_20260212_rtx8vb,0.22040517
C:\Users\katie\Downloads\ai01-3rd-3team-1\logs\real_human\20260212_perf004_flow_20260212_zsromu_success.json,flow_20260212_zsromu,0.15580718
C:\Users\katie\Downloads\ai01-3rd-3team-1\logs\real_human\20260212_perf005_flow_20260212_1qhxmr_success.json,flow_20260212_1qhxmr,0.09355908
C:\Users\katie\Downloads\ai01-3rd-3team-1\logs\real_human\20260212_perf005_flow_20260212_4m9btp_success.json,flow_20260212_4m9btp,0.19323764
C:\Users\katie\Downloads\ai01-3rd-3team-1\logs\real_human\20260212_perf005_flow_20260212_4z5p7b_success.json,flow_20260212_4z5p7b,0.08332099
C:\Users\katie\Downloads\ai01-3rd-3team-1\logs\real_human\20260212_perf005_flow_20260212_ahi6we_success.json,flow_20260212_ahi6we,0.09136693
C:\Users\katie\Downloads\ai01-3rd-3team-1\logs\real_human\20260212_perf005_flow_20260212_cwu2sk_success.json,flow_20260212_cwu2sk,0.19218895
C:\Users\katie\Downloads\ai01-3rd-3team-1\logs\real_human\20260212_perf005_flow_20260212_e7lppx_success.json,flow_20260212_e7lppx,0.17814941
C:\Users\katie\Downloads\ai01-3rd-3team-1\logs\real_human\20260212_perf005_flow_20260212_qn28hk_success.json,flow_20260212_qn28hk,0.13951205
C:\Users\katie\Downloads\ai01-3rd-3team-1\logs\real_human\20260212_perf005_flow_20260212_x1hu2q_success.json,flow_20260212_x1hu2q,0.01442100
C:\Users\katie\Downloads\ai01-3rd-3team-1\logs\real_human\20260212_perf006_flow_20260212_3g6u2m_success.json,flow_20260212_3g6u2m,0.02398709
C:\Users\katie\Downloads\ai01-3rd-3team-1\logs\real_human\20260212_perf006_flow_20260212_3js5h2_success.json,flow_20260212_3js5h2,0.15961240
C:\Users\katie\Downloads\ai01-3rd-3team-1\logs\real_human\20260212_perf006_flow_20260212_geysmv_success.json,flow_20260212_geysmv,0.19269125
C:\Users\katie\Downloads\ai01-3rd-3team-1\logs\real_human\20260212_perf006_flow_20260212_ubda3m_success.json,flow_20260212_ubda3m,0.07620254
C:\Users\katie\Downloads\ai01-3rd-3team-1\logs\real_human\20260212_perf006_flow_20260212_v7d2pp_success.json,flow_20260212_v7d2pp,0.09641724
C:\Users\katie\Downloads\ai01-3rd-3team-1\logs\real_human\20260212_perf007_flow_20260212_6l6hzs_success.json,flow_20260212_6l6hzs,0.25934883
C:\Users\katie\Downloads\ai01-3rd-3team-1\logs\real_human\20260212_perf007_flow_20260212_ey4u76_success.json,flow_20260212_ey4u76,0.08330120
C:\Users\katie\Downloads\ai01-3rd-3team-1\logs\real_human\20260212_perf007_flow_20260212_tdnrfv_success.json,flow_20260212_tdnrfv,0.08270894
C:\Users\katie\Downloads\ai01-3rd-3team-1\logs\real_human\20260212_perf007_flow_20260212_y1ox5o_success.json,flow_20260212_y1ox5o,0.08920416
C:\Users\katie\Downloads\ai01-3rd-3team-1\logs\real_human\20260212_perf008_flow_20260212_roobxm_success.json,flow_20260212_roobxm,0.04889991
C:\Users\katie\Downloads\ai01-3rd-3team-1\logs\real_human\20260212_perf008_flow_20260212_uhu525_success.json,flow_20260212_uhu525,0.16629893
C:\Users\katie\Downloads\ai01-3rd-3team-1\logs\real_human\20260212_perf008_flow_20260212_x9theu_success.json,flow_20260212_x9theu,0.10231964
C:\Users\katie\Downloads\ai01-3rd-3team-1\logs\real_human\20260212_perf008_flow_20260212_xhvrt0_success.json,flow_20260212_xhvrt0,0.11269206
C:\Users\katie\Downloads\ai01-3rd-3team-1\logs\real_human\20260212_perf009_flow_20260212_3sqs3v_success.json,flow_20260212_3sqs3v,0.03213310
C:\Users\katie\Downloads\ai01-3rd-3team-1\logs\real_human\20260212_perf009_flow_20260212_42vul5_success.json,flow_20260212_42vul5,0.12193689
C:\Users\katie\Downloads\ai01-3rd-3team-1\logs\real_human\20260212_perf009_flow_20260212_acnmm6_success.json,flow_20260212_acnmm6,0.10842234
C:\Users\katie\Downloads\ai01-3rd-3team-1\logs\real_human\20260212_perf009_flow_20260212_b507f1_success.json,flow_20260212_b507f1,0.04833452
C:\Users\katie\Downloads\ai01-3rd-3team-1\logs\real_human\20260212_perf009_flow_20260212_fus3x0_success.json,flow_20260212_fus3x0,0.02057350
C:\Users\katie\Downloads\ai01-3rd-3team-1\logs\real_human\20260212_perf009_flow_20260212_grfd2w_success.json,flow_20260212_grfd2w,0.33873075
C:\Users\katie\Downloads\ai01-3rd-3team-1\logs\real_human\20260212_perf009_flow_20260212_px4ayx_success.json,flow_20260212_px4ayx,0.07048760
C:\Users\katie\Downloads\ai01-3rd-3team-1\logs\real_human\20260212_perf009_flow_20260212_qr1s1q_success.json,flow_20260212_qr1s1q,0.11455405
C:\Users\katie\Downloads\ai01-3rd-3team-1\logs\real_human\20260212_perf010_flow_20260212_cbrwgv_success.json,flow_20260212_cbrwgv,0.13384710
C:\Users\katie\Downloads\ai01-3rd-3team-1\logs\real_human\20260212_perf010_flow_20260212_fvh9na_success.json,flow_20260212_fvh9na,0.09384324
C:\Users\katie\Downloads\ai01-3rd-3team-1\logs\real_human\20260212_perf010_flow_20260212_yhr798_success.json,flow_20260212_yhr798,0.04313898
C:\Users\katie\Downloads\ai01-3rd-3team-1\logs\real_human\20260212_perf011_flow_20260212_1a8sfw_success.json,flow_20260212_1a8sfw,0.15544960
C:\Users\katie\Downloads\ai01-3rd-3team-1\logs\real_human\20260212_perf011_flow_20260212_4l4qb6_success.json,flow_20260212_4l4qb6,0.04401092
C:\Users\katie\Downloads\ai01-3rd-3team-1\logs\real_human\20260212_perf011_flow_20260212_flbykp_success.json,flow_20260212_flbykp,0.22764249
C:\Users\katie\Downloads\ai01-3rd-3team-1\logs\real_human\20260212_perf012_flow_20260212_64hobl_success.json,flow_20260212_64hobl,0.04330777
C:\Users\katie\Downloads\ai01-3rd-3team-1\logs\real_human\20260212_perf012_flow_20260212_crylp1_success.json,flow_20260212_crylp1,0.14725571
C:\Users\katie\Downloads\ai01-3rd-3team-1\logs\real_human\20260212_perf012_flow_20260212_q8d0g5_success.json,flow_20260212_q8d0g5,0.07910279
C:\Users\katie\Downloads\ai01-3rd-3team-1\logs\real_human\20260212_perf012_flow_20260212_tdws78_success.json,flow_20260212_tdws78,0.06066053
C:\Users\katie\Downloads\ai01-3rd-3team-1\logs\real_human\20260212_perf012_flow_20260212_u0qjvv_success.json,flow_20260212_u0qjvv,0.07101366
C:\Users\katie\Downloads\ai01-3rd-3team-1\logs\real_human\20260212_perf012_flow_20260212_ujnvz5_success.json,flow_20260212_ujnvz5,0.07785977
C:\Users\katie\Downloads\ai01-3rd-3team-1\logs\real_human\20260212_perf013_flow_20260212_7vr8eg_success.json,flow_20260212_7vr8eg,0.12235546
C:\Users\katie\Downloads\ai01-3rd-3team-1\logs\real_human\20260212_perf013_flow_20260212_ef2glo_success.json,flow_20260212_ef2glo,0.11761586
C:\Users\katie\Downloads\ai01-3rd-3team-1\logs\real_human\20260212_perf013_flow_20260212_rmknx8_success.json,flow_20260212_rmknx8,0.11873155
C:\Users\katie\Downloads\ai01-3rd-3team-1\logs\real_human\20260212_perf014_flow_20260212_bxpyed_success.json,flow_20260212_bxpyed,0.06811465
C:\Users\katie\Downloads\ai01-3rd-3team-1\logs\real_human\20260212_perf014_flow_20260212_hyujnm_success.json,flow_20260212_hyujnm,0.12759375
C:\Users\katie\Downloads\ai01-3rd-3team-1\logs\real_human\20260212_perf014_flow_20260212_ib8eq3_success.json,flow_20260212_ib8eq3,0.16906801
C:\Users\katie\Downloads\ai01-3rd-3team-1\logs\real_human\20260212_perf014_flow_20260212_iwlxdo_success.json,flow_20260212_iwlxdo,0.14332084
C:\Users\katie\Downloads\ai01-3rd-3team-1\logs\real_human\20260212_perf014_flow_20260212_nslon4_success.json,flow_20260212_nslon4,0.09359742
C:\Users\katie\Downloads\ai01-3rd-3team-1\logs\real_human\20260212_perf015_flow_20260212_4xh5qb_success.json,flow_20260212_4xh5qb,0.10580561
C:\Users\katie\Downloads\ai01-3rd-3team-1\logs\real_human\20260212_perf015_flow_20260212_e0zw4g_success.json,flow_20260212_e0zw4g,0.06835358
C:\Users\katie\Downloads\ai01-3rd-3team-1\logs\real_human\20260212_perf015_flow_20260212_wp13pk_success.json,flow_20260212_wp13pk,0.04266710
C:\Users\katie\Downloads\ai01-3rd-3team-1\logs\real_human\20260213_perf001_flow_20260213_d0jv2n_success.json,flow_20260213_d0jv2n,0.31758006
